driverStandingsId,raceId,driverId,points,position,wins,year
68609,989,20,25.0,1,1,2018
68610,989,1,18.0,2,0,2018
68611,989,8,15.0,3,0,2018
68612,989,817,12.0,4,0,2018
68613,989,4,10.0,5,0,2018
68614,989,830,8.0,6,0,2018
68615,989,807,6.0,7,0,2018
68616,989,822,4.0,8,0,2018
68617,989,838,2.0,9,0,2018
68618,989,832,1.0,10,0,2018
68619,989,815,0.0,11,0,2018
68620,989,839,0.0,12,0,2018
68621,989,844,0.0,13,0,2018
68622,989,840,0.0,14,0,2018
68623,989,843,0.0,15,0,2018
68624,989,154,0.0,16,0,2018
68625,989,825,0.0,17,0,2018
68626,989,842,0.0,18,0,2018
68627,989,828,0.0,19,0,2018
68628,989,845,0.0,20,0,2018
68708,990,845,0.0,20,0,2018
68693,990,4,16.0,4,0,2018
68694,990,830,8.0,10,0,2018
68705,990,825,10.0,9,0,2018
68701,990,844,0.0,16,0,2018
68709,992,20,66.0,2,2,2018
68707,990,828,2.0,12,0,2018
68706,990,842,12.0,7,0,2018
68691,990,8,15.0,5,0,2018
68704,990,154,0.0,17,0,2018
68702,990,840,0.0,18,0,2018
68703,990,843,0.0,19,0,2018
68700,990,839,1.0,14,0,2018
68699,990,815,0.0,15,0,2018
68698,990,832,1.0,13,0,2018
68697,990,838,6.0,11,0,2018
68696,990,822,22.0,3,0,2018
68695,990,807,14.0,6,0,2018
68692,990,817,12.0,8,0,2018
68689,990,20,50.0,1,2,2018
68690,990,1,33.0,2,0,2018
68669,991,20,54.0,1,2,2018
68670,991,1,45.0,2,0,2018
68671,991,8,30.0,5,0,2018
68672,991,817,37.0,4,1,2018
68673,991,4,22.0,6,0,2018
68674,991,830,18.0,8,0,2018
68675,991,807,22.0,7,0,2018
68676,991,822,40.0,3,0,2018
68677,991,838,6.0,11,0,2018
68678,991,832,3.0,12,0,2018
68679,991,815,0.0,15,0,2018
68680,991,839,1.0,14,0,2018
68681,991,844,0.0,16,0,2018
68682,991,840,0.0,18,0,2018
68683,991,843,0.0,20,0,2018
68684,991,154,0.0,17,0,2018
68685,991,825,11.0,10,0,2018
68686,991,842,12.0,9,0,2018
68687,991,828,2.0,13,0,2018
68688,991,845,0.0,19,0,2018
68710,992,1,70.0,1,1,2018
68711,992,8,48.0,3,0,2018
68712,992,817,37.0,5,1,2018
68713,992,4,28.0,6,0,2018
68714,992,830,18.0,8,0,2018
68715,992,807,22.0,7,0,2018
68716,992,822,40.0,4,0,2018
68717,992,838,8.0,14,0,2018
68718,992,832,13.0,10,0,2018
68719,992,815,15.0,9,0,2018
68720,992,839,1.0,17,0,2018
68721,992,844,8.0,13,0,2018
68722,992,840,4.0,15,0,2018
68723,992,843,1.0,18,0,2018
68724,992,154,0.0,19,0,2018
68725,992,825,11.0,12,0,2018
68726,992,842,12.0,11,0,2018
68727,992,828,2.0,16,0,2018
68728,992,845,0.0,20,0,2018
68729,993,20,78.0,2,2,2018
68730,993,1,95.0,1,2,2018
68731,993,8,48.0,4,0,2018
68732,993,817,47.0,5,1,2018
68733,993,4,32.0,7,0,2018
68734,993,830,33.0,6,0,2018
68735,993,807,22.0,8,0,2018
68736,993,822,58.0,3,0,2018
68737,993,838,8.0,14,0,2018
68738,993,832,19.0,10,0,2018
68739,993,815,17.0,11,0,2018
68740,993,839,1.0,17,0,2018
68741,993,844,9.0,13,0,2018
68742,993,840,4.0,15,0,2018
68743,993,843,1.0,18,0,2018
68744,993,154,0.0,19,0,2018
68745,993,825,19.0,9,0,2018
68746,993,842,12.0,12,0,2018
68747,993,828,2.0,16,0,2018
68748,993,845,0.0,20,0,2018
68749,994,20,96.0,2,2,2018
68750,994,1,110.0,1,2,2018
68751,994,8,60.0,5,0,2018
68752,994,817,72.0,3,2,2018
68753,994,4,32.0,7,0,2018
68754,994,830,35.0,6,0,2018
68755,994,807,26.0,8,0,2018
68756,994,822,68.0,4,0,2018
68757,994,838,8.0,15,0,2018
68758,994,832,20.0,9,0,2018
68759,994,815,17.0,12,0,2018
68760,994,839,9.0,13,0,2018
68761,994,844,9.0,14,0,2018
68762,994,840,4.0,16,0,2018
68763,994,843,1.0,18,0,2018
68764,994,154,0.0,19,0,2018
68765,994,825,19.0,10,0,2018
68766,994,842,18.0,11,0,2018
68767,994,828,2.0,17,0,2018
68768,994,845,0.0,20,0,2018
68769,995,20,121.0,1,3,2018
68770,995,1,120.0,2,2,2018
68771,995,8,68.0,5,0,2018
68772,995,817,84.0,4,2,2018
68773,995,4,32.0,7,0,2018
68774,995,830,50.0,6,0,2018
68775,995,807,32.0,8,0,2018
68776,995,822,86.0,3,0,2018
68777,995,838,8.0,15,0,2018
68778,995,832,24.0,9,0,2018
68779,995,815,17.0,12,0,2018
68780,995,839,11.0,13,0,2018
68781,995,844,10.0,14,0,2018
68782,995,840,4.0,16,0,2018
68783,995,843,1.0,18,0,2018
68784,995,154,0.0,19,0,2018
68785,995,825,19.0,10,0,2018
68786,995,842,18.0,11,0,2018
68787,995,828,2.0,17,0,2018
68788,995,845,0.0,20,0,2018
68789,996,20,131.0,2,3,2018
68790,996,1,145.0,1,3,2018
68791,996,8,83.0,5,0,2018
68792,996,817,96.0,3,2,2018
68793,996,4,32.0,8,0,2018
68794,996,830,68.0,6,0,2018
68795,996,807,34.0,7,0,2018
68796,996,822,92.0,4,0,2018
68797,996,838,8.0,15,0,2018
68798,996,832,28.0,9,0,2018
68799,996,815,17.0,12,0,2018
68800,996,839,11.0,13,0,2018
68801,996,844,11.0,14,0,2018
68802,996,840,4.0,16,0,2018
68803,996,843,1.0,18,0,2018
68804,996,154,0.0,19,0,2018
68805,996,825,27.0,10,0,2018
68806,996,842,18.0,11,0,2018
68807,996,828,2.0,17,0,2018
68808,996,845,0.0,20,0,2018
68809,997,20,146.0,1,3,2018
68810,997,1,145.0,2,3,2018
68811,997,8,101.0,3,0,2018
68812,997,817,96.0,4,2,2018
68813,997,4,36.0,8,0,2018
68814,997,830,93.0,5,1,2018
68815,997,807,34.0,9,0,2018
68816,997,822,92.0,6,0,2018
68817,997,838,8.0,16,0,2018
68818,997,832,28.0,10,0,2018
68819,997,815,23.0,11,0,2018
68820,997,839,19.0,12,0,2018
68821,997,844,13.0,14,0,2018
68822,997,840,4.0,17,0,2018
68823,997,843,1.0,19,0,2018
68824,997,154,12.0,15,0,2018
68825,997,825,37.0,7,0,2018
68826,997,842,18.0,13,0,2018
68827,997,828,3.0,18,0,2018
68828,997,845,0.0,20,0,2018
68829,998,20,171.0,1,4,2018
68830,998,1,163.0,2,3,2018
68831,998,8,116.0,3,0,2018
68832,998,817,106.0,4,2,2018
68833,998,4,40.0,8,0,2018
68834,998,830,93.0,6,1,2018
68835,998,807,42.0,7,0,2018
68836,998,822,104.0,5,0,2018
68837,998,838,8.0,16,0,2018
68838,998,832,28.0,10,0,2018
68839,998,815,24.0,12,0,2018
68840,998,839,25.0,11,0,2018
68841,998,844,13.0,14,0,2018
68842,998,840,4.0,17,0,2018
68843,998,843,1.0,19,0,2018
68844,998,154,12.0,15,0,2018
68845,998,825,39.0,9,0,2018
68846,998,842,18.0,13,0,2018
68847,998,828,3.0,18,0,2018
68848,998,845,0.0,20,0,2018
68849,999,20,171.0,2,4,2018
68850,999,1,188.0,1,4,2018
68851,999,8,131.0,3,0,2018
68852,999,817,106.0,5,2,2018
68853,999,4,40.0,8,0,2018
68854,999,830,105.0,6,1,2018
68855,999,807,52.0,7,0,2018
68856,999,822,122.0,4,0,2018
68857,999,838,8.0,16,0,2018
68858,999,832,28.0,12,0,2018
68859,999,815,30.0,10,0,2018
68860,999,839,29.0,11,0,2018
68861,999,844,13.0,15,0,2018
68862,999,840,4.0,18,0,2018
68863,999,843,2.0,19,0,2018
68864,999,154,20.0,13,0,2018
68865,999,825,39.0,9,0,2018
68866,999,842,18.0,14,0,2018
68867,999,828,5.0,17,0,2018
68868,999,845,0.0,20,0,2018
68869,1000,20,189.0,2,4,2018
68870,1000,1,213.0,1,5,2018
68871,1000,8,146.0,3,0,2018
68872,1000,817,118.0,5,2,2018
68873,1000,4,44.0,9,0,2018
68874,1000,830,105.0,6,1,2018
68875,1000,807,52.0,7,0,2018
68876,1000,822,132.0,4,0,2018
68877,1000,838,8.0,16,0,2018
68878,1000,832,30.0,11,0,2018
68879,1000,815,30.0,10,0,2018
68880,1000,839,29.0,12,0,2018
68881,1000,844,13.0,15,0,2018
68882,1000,840,4.0,18,0,2018
68883,1000,843,2.0,19,0,2018
68884,1000,154,21.0,14,0,2018
68885,1000,825,45.0,8,0,2018
68886,1000,842,26.0,13,0,2018
68887,1000,828,5.0,17,0,2018
68888,1000,845,0.0,20,0,2018
68889,1001,20,214.0,2,5,2018
68890,1001,1,231.0,1,5,2018
68891,1001,8,146.0,3,0,2018
68892,1001,817,118.0,6,2,2018
68893,1001,4,44.0,9,0,2018
68894,1001,830,120.0,5,1,2018
68895,1001,807,52.0,7,0,2018
68896,1001,822,144.0,4,0,2018
68897,1001,838,8.0,16,0,2018
68898,1001,832,30.0,12,0,2018
68899,1001,815,40.0,10,0,2018
68900,1001,839,37.0,11,0,2018
68901,1001,844,13.0,15,0,2018
68902,1001,840,4.0,18,0,2018
68903,1001,843,2.0,19,0,2018
68904,1001,154,27.0,14,0,2018
68905,1001,825,49.0,8,0,2018
68906,1001,842,28.0,13,0,2018
68907,1001,828,6.0,17,0,2018
68908,1001,845,0.0,20,0,2018
68963,1002,843,2.0,19,0,2018
68966,1002,842,28.0,13,0,2018
68958,1002,832,34.0,12,0,2018
68968,1002,845,1.0,20,0,2018
68956,1002,822,159.0,4,0,2018
68967,1002,828,6.0,18,0,2018
68952,1002,817,118.0,6,2,2018
68965,1002,825,49.0,8,0,2018
68964,1002,154,27.0,14,0,2018
68962,1002,840,6.0,17,0,2018
68960,1002,839,45.0,10,0,2018
68961,1002,844,13.0,15,0,2018
68959,1002,815,46.0,9,0,2018
68957,1002,838,8.0,16,0,2018
68955,1002,807,52.0,7,0,2018
68954,1002,830,130.0,5,1,2018
68953,1002,4,44.0,11,0,2018
68949,1002,20,226.0,2,5,2018
68950,1002,1,256.0,1,6,2018
68951,1002,8,164.0,3,0,2018
68969,1003,20,241.0,2,5,2018
68970,1003,1,281.0,1,7,2018
68971,1003,8,174.0,3,0,2018
68972,1003,817,126.0,6,2,2018
68973,1003,4,50.0,8,0,2018
68974,1003,830,148.0,5,1,2018
68975,1003,807,53.0,7,0,2018
68976,1003,822,171.0,4,0,2018
68977,1003,838,8.0,16,0,2018
68978,1003,832,38.0,12,0,2018
68979,1003,815,46.0,10,0,2018
68980,1003,839,45.0,11,0,2018
68981,1003,844,15.0,15,0,2018
68982,1003,840,6.0,17,0,2018
68983,1003,843,2.0,19,0,2018
68984,1003,154,27.0,14,0,2018
68985,1003,825,49.0,9,0,2018
68986,1003,842,28.0,13,0,2018
68987,1003,828,6.0,18,0,2018
68988,1003,845,1.0,20,0,2018
68989,1004,20,256.0,2,5,2018
68990,1004,1,306.0,1,8,2018
68991,1004,8,186.0,4,0,2018
68992,1004,817,134.0,6,2,2018
68993,1004,4,50.0,9,0,2018
68994,1004,830,158.0,5,1,2018
68995,1004,807,53.0,8,0,2018
68996,1004,822,189.0,3,0,2018
68997,1004,838,8.0,16,0,2018
68998,1004,832,38.0,12,0,2018
68999,1004,815,47.0,10,0,2018
69000,1004,839,47.0,11,0,2018
69001,1004,844,21.0,15,0,2018
69002,1004,840,6.0,17,0,2018
69003,1004,843,2.0,19,0,2018
69004,1004,154,27.0,14,0,2018
69005,1004,825,53.0,7,0,2018
69006,1004,842,28.0,13,0,2018
69007,1004,828,6.0,18,0,2018
69008,1004,845,1.0,20,0,2018
69009,1005,20,264.0,2,5,2018
69010,1005,1,331.0,1,9,2018
69011,1005,8,196.0,4,0,2018
69012,1005,817,146.0,6,2,2018
69013,1005,4,50.0,10,0,2018
69014,1005,830,173.0,5,1,2018
69015,1005,807,53.0,9,0,2018
69016,1005,822,207.0,3,0,2018
69017,1005,838,8.0,16,0,2018
69018,1005,832,39.0,12,0,2018
69019,1005,815,53.0,7,0,2018
69020,1005,839,49.0,11,0,2018
69021,1005,844,21.0,15,0,2018
69022,1005,840,6.0,17,0,2018
69023,1005,843,2.0,19,0,2018
69024,1005,154,31.0,13,0,2018
69025,1005,825,53.0,8,0,2018
69026,1005,842,28.0,14,0,2018
69027,1005,828,6.0,18,0,2018
69028,1005,845,1.0,20,0,2018
69067,1006,828,7.0,17,0,2018
69065,1006,825,53.0,9,0,2018
69063,1006,843,4.0,19,0,2018
69062,1006,840,6.0,18,0,2018
69060,1006,839,49.0,11,0,2018
69058,1006,832,45.0,12,0,2018
69056,1006,822,217.0,4,0,2018
69054,1006,830,191.0,5,1,2018
69052,1006,817,146.0,6,2,2018
69050,1006,1,346.0,1,9,2018
69066,1006,842,28.0,14,0,2018
69068,1006,845,1.0,20,0,2018
69055,1006,807,61.0,7,0,2018
69061,1006,844,21.0,15,0,2018
69064,1006,154,31.0,13,0,2018
69057,1006,838,8.0,16,0,2018
69053,1006,4,50.0,10,0,2018
69059,1006,815,57.0,8,0,2018
69051,1006,8,221.0,3,1,2018
69049,1006,20,276.0,2,5,2018
69069,1007,20,294.0,2,5,2018
69070,1007,1,358.0,1,9,2018
69071,1007,8,236.0,3,1,2018
69072,1007,817,146.0,6,2,2018
69073,1007,4,50.0,10,0,2018
69074,1007,830,216.0,5,2,2018
69075,1007,807,69.0,7,0,2018
69076,1007,822,227.0,4,0,2018
69077,1007,838,12.0,16,0,2018
69078,1007,832,45.0,12,0,2018
69079,1007,815,57.0,8,0,2018
69080,1007,839,49.0,11,0,2018
69081,1007,844,27.0,15,0,2018
69082,1007,840,6.0,18,0,2018
69083,1007,843,4.0,19,0,2018
69084,1007,154,31.0,13,0,2018
69085,1007,825,53.0,9,0,2018
69086,1007,842,29.0,14,0,2018
69087,1007,828,9.0,17,0,2018
69088,1007,845,1.0,20,0,2018
69089,1008,20,302.0,2,5,2018
69090,1008,1,383.0,1,10,2018
69091,1008,8,251.0,3,1,2018
69092,1008,817,158.0,6,2,2018
69093,1008,4,50.0,10,0,2018
69094,1008,830,234.0,5,2,2018
69095,1008,807,69.0,7,0,2018
69096,1008,822,237.0,4,0,2018
69097,1008,838,12.0,16,0,2018
69098,1008,832,45.0,12,0,2018
69099,1008,815,58.0,8,0,2018
69100,1008,839,49.0,11,0,2018
69101,1008,844,33.0,14,0,2018
69102,1008,840,6.0,18,0,2018
69103,1008,843,4.0,19,0,2018
69104,1008,154,35.0,13,0,2018
69105,1008,825,55.0,9,0,2018
69106,1008,842,29.0,15,0,2018
69107,1008,828,9.0,17,0,2018
69108,1008,845,1.0,20,0,2018
69109,1009,20,320.0,2,5,2018
69110,1009,1,408.0,1,11,2018
69111,1009,8,251.0,3,1,2018
69112,1009,817,170.0,6,2,2018
69113,1009,4,50.0,11,0,2018
69114,1009,830,249.0,4,2,2018
69115,1009,807,69.0,7,0,2018
69116,1009,822,247.0,5,0,2018
69117,1009,838,12.0,16,0,2018
69118,1009,832,53.0,10,0,2018
69119,1009,815,62.0,8,0,2018
69120,1009,839,49.0,12,0,2018
69121,1009,844,39.0,13,0,2018
69122,1009,840,6.0,18,0,2018
69123,1009,843,4.0,19,0,2018
69124,1009,154,37.0,14,0,2018
69125,1009,825,56.0,9,0,2018
69126,1009,842,29.0,15,0,2018
69127,1009,828,9.0,17,0,2018
69128,1009,845,1.0,20,0,2018
69768,1010,832,0.0,20,0,2019
69767,1010,817,0.0,19,0,2019
69766,1010,154,0.0,18,0,2019
69765,1010,9,0.0,17,0,2019
69764,1010,847,0.0,16,0,2019
69763,1010,841,0.0,15,0,2019
69762,1010,848,0.0,14,0,2019
69761,1010,815,0.0,13,0,2019
69760,1010,846,0.0,12,0,2019
69750,1010,1,18.0,2,0,2019
69230,1012,1,68.0,1,2,2019
69759,1010,842,0.0,11,0,2019
69758,1010,826,1.0,10,0,2019
69757,1010,840,2.0,9,0,2019
69756,1010,8,4.0,8,0,2019
69755,1010,807,6.0,7,0,2019
69754,1010,825,8.0,6,0,2019
69753,1010,844,10.0,5,0,2019
69752,1010,20,12.0,4,0,2019
69751,1010,830,15.0,3,0,2019
69749,1010,822,26.0,1,1,2019
69229,1012,822,62.0,2,1,2019
69227,1011,817,0.0,18,0,2019
69226,1011,154,0.0,19,0,2019
69224,1011,847,0.0,16,0,2019
69222,1011,848,2.0,11,0,2019
69219,1011,842,4.0,10,0,2019
69216,1011,8,10.0,6,0,2019
69211,1011,830,27.0,3,0,2019
69228,1011,832,0.0,20,0,2019
69223,1011,841,0.0,15,0,2019
69218,1011,826,1.0,13,0,2019
69225,1011,9,0.0,17,0,2019
69220,1011,846,8.0,7,0,2019
69215,1011,807,6.0,9,0,2019
69221,1011,815,1.0,14,0,2019
69217,1011,840,2.0,12,0,2019
69214,1011,825,8.0,8,0,2019
69213,1011,844,26.0,4,0,2019
69212,1011,20,22.0,5,0,2019
69210,1011,1,43.0,2,1,2019
69209,1011,822,44.0,1,1,2019
69231,1012,830,39.0,3,0,2019
69232,1012,20,37.0,4,0,2019
69233,1012,844,36.0,5,0,2019
69234,1012,825,8.0,9,0,2019
69235,1012,807,6.0,10,0,2019
69236,1012,8,12.0,7,0,2019
69237,1012,840,2.0,14,0,2019
69238,1012,826,1.0,15,0,2019
69239,1012,842,13.0,6,0,2019
69240,1012,846,8.0,8,0,2019
69241,1012,815,5.0,12,0,2019
69242,1012,848,3.0,13,0,2019
69243,1012,841,0.0,16,0,2019
69244,1012,847,0.0,19,0,2019
69245,1012,9,0.0,20,0,2019
69246,1012,154,0.0,17,0,2019
69247,1012,817,6.0,11,0,2019
69248,1012,832,0.0,18,0,2019
69249,1013,822,87.0,1,2,2019
69250,1013,1,86.0,2,2,2019
69251,1013,830,51.0,4,0,2019
69252,1013,20,52.0,3,0,2019
69253,1013,844,47.0,5,0,2019
69254,1013,825,8.0,10,0,2019
69255,1013,807,6.0,11,0,2019
69256,1013,8,13.0,8,0,2019
69257,1013,840,4.0,14,0,2019
69258,1013,826,1.0,16,0,2019
69259,1013,842,13.0,7,0,2019
69260,1013,846,12.0,9,0,2019
69261,1013,815,13.0,6,0,2019
69262,1013,848,3.0,15,0,2019
69263,1013,841,0.0,17,0,2019
69264,1013,847,0.0,19,0,2019
69265,1013,9,0.0,20,0,2019
69266,1013,154,0.0,18,0,2019
69267,1013,817,6.0,13,0,2019
69268,1013,832,6.0,12,0,2019
69308,1014,832,10.0,11,0,2019
69307,1014,817,6.0,12,0,2019
69306,1014,154,1.0,17,0,2019
69305,1014,9,0.0,20,0,2019
69303,1014,841,0.0,18,0,2019
69302,1014,848,3.0,15,0,2019
69299,1014,842,21.0,6,0,2019
69297,1014,840,4.0,14,0,2019
69296,1014,8,13.0,9,0,2019
69293,1014,844,57.0,5,0,2019
69291,1014,830,66.0,3,0,2019
69290,1014,1,112.0,1,3,2019
69301,1014,815,13.0,8,0,2019
69298,1014,826,3.0,16,0,2019
69300,1014,846,12.0,10,0,2019
69289,1014,822,105.0,2,2,2019
69304,1014,847,0.0,19,0,2019
69292,1014,20,64.0,4,0,2019
69295,1014,807,6.0,13,0,2019
69294,1014,825,14.0,7,0,2019
69309,1015,822,120.0,2,2,2019
69310,1015,1,137.0,1,4,2019
69311,1015,830,78.0,4,0,2019
69312,1015,20,82.0,3,0,2019
69313,1015,844,57.0,5,0,2019
69314,1015,825,14.0,8,0,2019
69315,1015,807,6.0,15,0,2019
69316,1015,8,13.0,10,0,2019
69317,1015,840,4.0,16,0,2019
69318,1015,826,9.0,12,0,2019
69319,1015,842,32.0,6,0,2019
69320,1015,846,12.0,11,0,2019
69321,1015,815,13.0,9,0,2019
69322,1015,848,7.0,14,0,2019
69323,1015,841,0.0,18,0,2019
69324,1015,847,0.0,19,0,2019
69325,1015,9,0.0,20,0,2019
69326,1015,154,2.0,17,0,2019
69327,1015,817,8.0,13,0,2019
69328,1015,832,18.0,7,0,2019
69329,1016,822,133.0,2,2,2019
69330,1016,1,162.0,1,5,2019
69331,1016,830,88.0,4,0,2019
69332,1016,20,100.0,3,0,2019
69333,1016,844,72.0,5,0,2019
69334,1016,825,14.0,9,0,2019
69335,1016,807,12.0,13,0,2019
69336,1016,8,13.0,11,0,2019
69337,1016,840,6.0,16,0,2019
69338,1016,826,10.0,14,0,2019
69339,1016,842,36.0,6,0,2019
69340,1016,846,12.0,12,0,2019
69341,1016,815,13.0,10,0,2019
69342,1016,848,7.0,15,0,2019
69343,1016,841,0.0,18,0,2019
69344,1016,847,0.0,19,0,2019
69345,1016,9,0.0,20,0,2019
69346,1016,154,2.0,17,0,2019
69347,1016,817,16.0,8,0,2019
69348,1016,832,18.0,7,0,2019
69424,1017,847,0.0,19,0,2019
69428,1017,832,26.0,7,0,2019
69416,1017,8,19.0,8,0,2019
69417,1017,840,6.0,16,0,2019
69409,1017,822,151.0,2,2,2019
69427,1017,817,16.0,9,0,2019
69426,1017,154,2.0,17,0,2019
69425,1017,9,0.0,20,0,2019
69423,1017,841,0.0,18,0,2019
69422,1017,848,7.0,15,0,2019
69421,1017,815,13.0,13,0,2019
69419,1017,842,37.0,6,0,2019
69420,1017,846,14.0,12,0,2019
69418,1017,826,10.0,14,0,2019
69414,1017,825,14.0,11,0,2019
69415,1017,807,16.0,10,0,2019
69413,1017,844,87.0,5,0,2019
69412,1017,20,111.0,3,0,2019
69411,1017,830,100.0,4,0,2019
69410,1017,1,187.0,1,6,2019
69429,1018,822,166.0,2,2,2019
69430,1018,1,197.0,1,6,2019
69431,1018,830,126.0,3,1,2019
69432,1018,20,123.0,4,0,2019
69433,1018,844,105.0,5,0,2019
69434,1018,825,14.0,12,0,2019
69435,1018,807,16.0,11,0,2019
69436,1018,8,21.0,9,0,2019
69437,1018,840,6.0,16,0,2019
69438,1018,826,10.0,14,0,2019
69439,1018,842,43.0,6,0,2019
69440,1018,846,22.0,8,0,2019
69441,1018,815,13.0,13,0,2019
69442,1018,848,7.0,15,0,2019
69443,1018,841,1.0,18,0,2019
69444,1018,847,0.0,19,0,2019
69445,1018,9,0.0,20,0,2019
69446,1018,154,2.0,17,0,2019
69447,1018,817,16.0,10,0,2019
69448,1018,832,30.0,7,0,2019
69449,1019,822,184.0,2,2,2019
69450,1019,1,223.0,1,7,2019
69451,1019,830,136.0,3,1,2019
69452,1019,20,123.0,4,0,2019
69453,1019,844,120.0,5,0,2019
69454,1019,825,14.0,12,0,2019
69455,1019,807,17.0,11,0,2019
69456,1019,8,25.0,8,0,2019
69457,1019,840,6.0,16,0,2019
69458,1019,826,12.0,14,0,2019
69459,1019,842,55.0,6,0,2019
69460,1019,846,22.0,9,0,2019
69461,1019,815,13.0,13,0,2019
69462,1019,848,7.0,15,0,2019
69463,1019,841,1.0,18,0,2019
69464,1019,847,0.0,19,0,2019
69465,1019,9,0.0,20,0,2019
69466,1019,154,2.0,17,0,2019
69467,1019,817,22.0,10,0,2019
69468,1019,832,38.0,7,0,2019
69508,1020,832,48.0,7,0,2019
69507,1020,817,22.0,11,0,2019
69506,1020,154,8.0,17,0,2019
69505,1020,9,1.0,19,0,2019
69501,1020,815,13.0,16,0,2019
69500,1020,846,22.0,10,0,2019
69499,1020,842,55.0,6,0,2019
69498,1020,826,27.0,8,0,2019
69497,1020,840,18.0,12,0,2019
69496,1020,8,25.0,9,0,2019
69490,1020,1,225.0,1,7,2019
69503,1020,841,1.0,18,0,2019
69489,1020,822,184.0,2,2,2019
69504,1020,847,0.0,20,0,2019
69502,1020,848,15.0,15,0,2019
69491,1020,830,162.0,3,2,2019
69492,1020,20,141.0,4,0,2019
69493,1020,844,120.0,5,0,2019
69494,1020,825,18.0,13,0,2019
69495,1020,807,17.0,14,0,2019
69509,1021,822,188.0,2,2,2019
69510,1021,1,250.0,1,8,2019
69511,1021,830,181.0,3,2,2019
69512,1021,20,156.0,4,0,2019
69513,1021,844,132.0,5,0,2019
69514,1021,825,18.0,13,0,2019
69515,1021,807,17.0,14,0,2019
69516,1021,8,31.0,8,0,2019
69517,1021,840,18.0,12,0,2019
69518,1021,826,27.0,9,0,2019
69519,1021,842,63.0,6,0,2019
69520,1021,846,24.0,10,0,2019
69521,1021,815,13.0,16,0,2019
69522,1021,848,16.0,15,0,2019
69523,1021,841,1.0,18,0,2019
69524,1021,847,0.0,20,0,2019
69525,1021,9,1.0,19,0,2019
69526,1021,154,8.0,17,0,2019
69527,1021,817,22.0,11,0,2019
69528,1021,832,58.0,7,0,2019
69529,1022,822,203.0,2,2,2019
69530,1022,1,268.0,1,8,2019
69531,1022,830,181.0,3,2,2019
69532,1022,20,169.0,4,0,2019
69533,1022,844,157.0,5,1,2019
69534,1022,825,18.0,16,0,2019
69535,1022,807,21.0,14,0,2019
69536,1022,8,31.0,9,0,2019
69537,1022,840,19.0,15,0,2019
69538,1022,826,33.0,8,0,2019
69539,1022,842,65.0,6,0,2019
69540,1022,846,24.0,11,0,2019
69541,1022,815,21.0,13,0,2019
69542,1022,848,26.0,10,0,2019
69543,1022,841,1.0,18,0,2019
69544,1022,847,0.0,20,0,2019
69545,1022,9,1.0,19,0,2019
69546,1022,154,8.0,17,0,2019
69547,1022,817,22.0,12,0,2019
69548,1022,832,58.0,7,0,2019
69549,1023,822,221.0,2,2,2019
69550,1023,1,284.0,1,8,2019
69551,1023,830,185.0,3,2,2019
69552,1023,20,169.0,5,0,2019
69553,1023,844,182.0,4,2,2019
69554,1023,825,18.0,16,0,2019
69555,1023,807,31.0,11,0,2019
69556,1023,8,31.0,12,0,2019
69557,1023,840,19.0,15,0,2019
69558,1023,826,33.0,10,0,2019
69559,1023,842,65.0,6,0,2019
69560,1023,846,25.0,14,0,2019
69561,1023,815,27.0,13,0,2019
69562,1023,848,34.0,9,0,2019
69563,1023,841,3.0,18,0,2019
69564,1023,847,0.0,20,0,2019
69565,1023,9,1.0,19,0,2019
69566,1023,154,8.0,17,0,2019
69567,1023,817,34.0,8,0,2019
69568,1023,832,58.0,7,0,2019
69569,1024,822,231.0,2,2,2019
69570,1024,1,296.0,1,8,2019
69571,1024,830,200.0,4,2,2019
69572,1024,20,194.0,5,1,2019
69573,1024,844,200.0,3,2,2019
69574,1024,825,18.0,16,0,2019
69575,1024,807,33.0,11,0,2019
69576,1024,8,31.0,13,0,2019
69577,1024,840,19.0,15,0,2019
69578,1024,826,33.0,10,0,2019
69579,1024,842,69.0,6,0,2019
69580,1024,846,31.0,12,0,2019
69581,1024,815,27.0,14,0,2019
69582,1024,848,42.0,8,0,2019
69583,1024,841,4.0,18,0,2019
69584,1024,847,0.0,20,0,2019
69585,1024,9,1.0,19,0,2019
69586,1024,154,8.0,17,0,2019
69587,1024,817,34.0,9,0,2019
69588,1024,832,58.0,7,0,2019
69589,1025,822,249.0,2,2,2019
69590,1025,1,322.0,1,9,2019
69591,1025,830,212.0,4,2,2019
69592,1025,20,194.0,5,1,2019
69593,1025,844,215.0,3,2,2019
69594,1025,825,20.0,15,0,2019
69595,1025,807,34.0,11,0,2019
69596,1025,8,31.0,14,0,2019
69597,1025,840,19.0,16,0,2019
69598,1025,826,33.0,12,0,2019
69599,1025,842,69.0,6,0,2019
69600,1025,846,35.0,9,0,2019
69601,1025,815,33.0,13,0,2019
69602,1025,848,52.0,8,0,2019
69603,1025,841,4.0,18,0,2019
69604,1025,847,0.0,20,0,2019
69605,1025,9,1.0,19,0,2019
69606,1025,154,8.0,17,0,2019
69607,1025,817,34.0,10,0,2019
69608,1025,832,66.0,7,0,2019
69668,1026,832,76.0,6,0,2019
69667,1026,817,34.0,12,0,2019
69666,1026,154,8.0,17,0,2019
69665,1026,9,1.0,19,0,2019
69664,1026,847,0.0,20,0,2019
69663,1026,841,4.0,18,0,2019
69662,1026,848,64.0,8,0,2019
69657,1026,840,21.0,15,0,2019
69656,1026,8,31.0,14,0,2019
69654,1026,825,20.0,16,0,2019
69652,1026,20,212.0,5,1,2019
69650,1026,1,338.0,1,9,2019
69649,1026,822,274.0,2,3,2019
69658,1026,826,34.0,11,0,2019
69651,1026,830,212.0,4,2,2019
69659,1026,842,75.0,7,0,2019
69660,1026,846,35.0,10,0,2019
69661,1026,815,37.0,9,0,2019
69653,1026,844,223.0,3,2,2019
69655,1026,807,34.0,13,0,2019
69688,1027,832,76.0,7,0,2019
69687,1027,817,38.0,10,0,2019
69686,1027,154,8.0,17,0,2019
69685,1027,9,1.0,19,0,2019
69684,1027,847,0.0,20,0,2019
69683,1027,841,4.0,18,0,2019
69682,1027,848,74.0,8,0,2019
69679,1027,842,77.0,6,0,2019
69677,1027,840,21.0,15,0,2019
69676,1027,8,31.0,14,0,2019
69674,1027,825,20.0,16,0,2019
69672,1027,20,230.0,4,1,2019
69670,1027,1,363.0,1,10,2019
69669,1027,822,289.0,2,3,2019
69678,1027,826,34.0,13,0,2019
69671,1027,830,220.0,5,2,2019
69680,1027,846,35.0,12,0,2019
69681,1027,815,43.0,9,0,2019
69673,1027,844,236.0,3,2,2019
69675,1027,807,35.0,11,0,2019
69689,1028,822,314.0,2,4,2019
69690,1028,1,381.0,1,10,2019
69691,1028,830,235.0,4,2,2019
69692,1028,20,230.0,5,1,2019
69693,1028,844,249.0,3,2,2019
69694,1028,825,20.0,16,0,2019
69695,1028,807,37.0,12,0,2019
69696,1028,8,31.0,14,0,2019
69697,1028,840,21.0,15,0,2019
69698,1028,826,34.0,13,0,2019
69699,1028,842,77.0,8,0,2019
69700,1028,846,41.0,11,0,2019
69701,1028,815,44.0,10,0,2019
69702,1028,848,84.0,6,0,2019
69703,1028,841,4.0,18,0,2019
69704,1028,847,0.0,20,0,2019
69705,1028,9,1.0,19,0,2019
69706,1028,154,8.0,17,0,2019
69707,1028,817,46.0,9,0,2019
69708,1028,832,80.0,7,0,2019
69709,1029,822,314.0,2,4,2019
69710,1029,1,387.0,1,10,2019
69711,1029,830,260.0,3,3,2019
69712,1029,20,230.0,5,1,2019
69713,1029,844,249.0,4,2,2019
69714,1029,825,20.0,16,0,2019
69715,1029,807,37.0,13,0,2019
69716,1029,8,43.0,12,0,2019
69717,1029,840,21.0,15,0,2019
69718,1029,826,35.0,14,0,2019
69719,1029,842,95.0,6,0,2019
69720,1029,846,45.0,11,0,2019
69721,1029,815,46.0,10,0,2019
69722,1029,848,84.0,8,0,2019
69723,1029,841,14.0,17,0,2019
69724,1029,847,0.0,20,0,2019
69725,1029,9,1.0,19,0,2019
69726,1029,154,8.0,18,0,2019
69727,1029,817,54.0,9,0,2019
69728,1029,832,95.0,7,0,2019
69729,1030,822,326.0,2,4,2019
69730,1030,1,413.0,1,11,2019
69731,1030,830,278.0,3,3,2019
69732,1030,20,240.0,5,1,2019
69733,1030,844,264.0,4,2,2019
69734,1030,825,20.0,16,0,2019
69735,1030,807,37.0,14,0,2019
69736,1030,8,43.0,12,0,2019
69737,1030,840,21.0,15,0,2019
69738,1030,826,37.0,13,0,2019
69739,1030,842,95.0,7,0,2019
69740,1030,846,49.0,11,0,2019
69741,1030,815,52.0,10,0,2019
69742,1030,848,92.0,8,0,2019
69743,1030,841,14.0,17,0,2019
69744,1030,847,0.0,20,0,2019
69745,1030,9,1.0,19,0,2019
69746,1030,154,8.0,18,0,2019
69747,1030,817,54.0,9,0,2019
69748,1030,832,96.0,6,0,2019
69888,1034,830,52.0,3,0,2020
69887,1034,817,20.0,9,0,2020
69886,1034,840,20.0,8,0,2020
69885,1034,825,1.0,16,0,2020
69884,1034,154,0.0,20,0,2020
69883,1034,847,0.0,19,0,2020
69882,1034,8,0.0,18,0,2020
69881,1034,848,26.0,6,0,2020
69880,1034,826,1.0,15,0,2020
69879,1034,849,0.0,17,0,2020
69878,1034,20,10.0,13,0,2020
69877,1034,841,2.0,14,0,2020
69876,1034,839,12.0,11,0,2020
69875,1034,842,12.0,12,0,2020
69874,1034,815,22.0,7,0,2020
69873,1034,832,15.0,10,0,2020
69872,1034,1,88.0,1,3,2020
69871,1034,846,36.0,4,0,2020
69870,1034,844,33.0,5,0,2020
69869,1034,822,58.0,2,1,2020
70016,1040,844,57.0,7,0,2020
70014,1031,830,0.0,20,0,2020
70012,1031,840,0.0,18,0,2020
70010,1031,154,0.0,16,0,2020
70008,1031,8,0.0,14,0,2020
70006,1031,826,0.0,12,0,2020
70015,1040,822,161.0,2,2,2020
70013,1031,817,0.0,19,0,2020
70011,1031,825,0.0,17,0,2020
70009,1031,847,0.0,15,0,2020
70007,1031,848,0.0,13,0,2020
70005,1031,849,0.0,11,0,2020
70004,1031,20,1.0,10,0,2020
70003,1031,841,2.0,9,0,2020
70002,1031,839,4.0,8,0,2020
70001,1031,842,6.0,7,0,2020
70000,1031,815,8.0,6,0,2020
69999,1031,832,10.0,5,0,2020
69998,1031,1,12.0,4,0,2020
69997,1031,846,16.0,3,0,2020
69996,1031,844,18.0,2,0,2020
69995,1031,822,25.0,1,1,2020
69809,1032,822,43.0,1,1,2020
69810,1032,844,18.0,4,0,2020
69811,1032,846,26.0,3,0,2020
69812,1032,1,37.0,2,1,2020
69813,1032,832,13.0,7,0,2020
69814,1032,815,16.0,5,0,2020
69815,1032,842,6.0,9,0,2020
69816,1032,839,4.0,11,0,2020
69817,1032,841,2.0,13,0,2020
69818,1032,20,1.0,15,0,2020
69819,1032,849,0.0,16,0,2020
69820,1032,826,1.0,14,0,2020
69821,1032,848,12.0,8,0,2020
69822,1032,8,0.0,17,0,2020
69823,1032,847,0.0,20,0,2020
69824,1032,154,0.0,19,0,2020
69825,1032,825,0.0,18,0,2020
69826,1032,840,6.0,10,0,2020
69827,1032,817,4.0,12,0,2020
69828,1032,830,15.0,6,0,2020
69868,1033,830,33.0,3,0,2020
69866,1033,840,18.0,8,0,2020
69864,1033,154,0.0,19,0,2020
69863,1033,847,0.0,20,0,2020
69861,1033,848,22.0,5,0,2020
69860,1033,826,1.0,15,0,2020
69858,1033,20,9.0,10,0,2020
69856,1033,839,4.0,13,0,2020
69854,1033,815,22.0,6,0,2020
69852,1033,1,63.0,1,2,2020
69850,1033,844,18.0,7,0,2020
69849,1033,822,58.0,2,1,2020
69853,1033,832,15.0,9,0,2020
69865,1033,825,1.0,16,0,2020
69851,1033,846,26.0,4,0,2020
69867,1033,817,8.0,11,0,2020
69855,1033,842,6.0,12,0,2020
69862,1033,8,0.0,17,0,2020
69859,1033,849,0.0,18,0,2020
69857,1033,841,2.0,14,0,2020
69889,1034,807,0.0,21,0,2020
69890,1035,822,73.0,3,1,2020
69891,1035,844,45.0,4,0,2020
69892,1035,846,38.0,5,0,2020
69893,1035,1,107.0,1,3,2020
69894,1035,832,15.0,11,0,2020
69895,1035,815,22.0,8,0,2020
69896,1035,842,12.0,12,0,2020
69897,1035,839,16.0,10,0,2020
69898,1035,841,2.0,15,0,2020
69899,1035,20,10.0,13,0,2020
69900,1035,849,0.0,19,0,2020
69901,1035,826,2.0,16,0,2020
69902,1035,848,36.0,6,0,2020
69903,1035,8,0.0,18,0,2020
69904,1035,847,0.0,20,0,2020
69905,1035,154,0.0,21,0,2020
69906,1035,825,1.0,17,0,2020
69907,1035,840,28.0,7,0,2020
69908,1035,817,20.0,9,0,2020
69909,1035,830,77.0,2,1,2020
69910,1035,807,6.0,14,0,2020
69911,1036,822,89.0,3,1,2020
69912,1036,844,45.0,4,0,2020
69913,1036,846,39.0,7,0,2020
69914,1036,1,132.0,1,4,2020
69915,1036,832,23.0,9,0,2020
69916,1036,815,32.0,8,0,2020
69917,1036,842,14.0,13,0,2020
69918,1036,839,16.0,12,0,2020
69919,1036,841,2.0,15,0,2020
69920,1036,20,16.0,11,0,2020
69921,1036,849,0.0,19,0,2020
69922,1036,826,2.0,16,0,2020
69923,1036,848,40.0,6,0,2020
69924,1036,8,0.0,18,0,2020
69925,1036,847,0.0,20,0,2020
69926,1036,154,0.0,21,0,2020
69927,1036,825,1.0,17,0,2020
69928,1036,840,40.0,5,0,2020
69929,1036,817,20.0,10,0,2020
69930,1036,830,95.0,2,1,2020
69931,1036,807,6.0,14,0,2020
69932,1037,822,107.0,3,1,2020
69933,1037,844,45.0,5,0,2020
69934,1037,846,45.0,6,0,2020
69935,1037,1,157.0,1,5,2020
69936,1037,832,23.0,11,0,2020
69937,1037,815,33.0,9,0,2020
69938,1037,842,18.0,12,0,2020
69939,1037,839,26.0,10,0,2020
69940,1037,841,2.0,15,0,2020
69941,1037,20,16.0,13,0,2020
69942,1037,849,0.0,19,0,2020
69943,1037,826,2.0,16,0,2020
69944,1037,848,48.0,4,0,2020
69945,1037,8,0.0,18,0,2020
69946,1037,847,0.0,20,0,2020
69947,1037,154,0.0,21,0,2020
69948,1037,825,1.0,17,0,2020
69949,1037,840,42.0,7,0,2020
69950,1037,817,33.0,8,0,2020
69951,1037,830,110.0,2,1,2020
69952,1037,807,6.0,14,0,2020
69953,1038,822,117.0,2,1,2020
69954,1038,844,45.0,7,0,2020
69955,1038,846,57.0,5,0,2020
69956,1038,1,164.0,1,5,2020
69957,1038,832,41.0,9,0,2020
69958,1038,815,34.0,11,0,2020
69959,1038,842,43.0,8,1,2020
69960,1038,839,30.0,12,0,2020
69961,1038,841,2.0,16,0,2020
69962,1038,20,16.0,13,0,2020
69963,1038,849,0.0,18,0,2020
69964,1038,826,4.0,15,0,2020
69965,1038,848,48.0,6,0,2020
69966,1038,8,0.0,19,0,2020
69967,1038,847,0.0,21,0,2020
69968,1038,154,0.0,20,0,2020
69969,1038,825,1.0,17,0,2020
69970,1038,840,57.0,4,0,2020
69971,1038,817,41.0,10,0,2020
69972,1038,830,110.0,3,1,2020
69973,1038,807,6.0,14,0,2020
69974,1039,822,135.0,2,1,2020
69975,1039,844,49.0,8,0,2020
69976,1039,846,65.0,4,0,2020
69977,1039,1,190.0,1,6,2020
69978,1039,832,41.0,11,0,2020
69979,1039,815,44.0,9,0,2020
69980,1039,842,43.0,10,1,2020
69981,1039,839,30.0,12,0,2020
69982,1039,841,2.0,17,0,2020
69983,1039,20,17.0,13,0,2020
69984,1039,849,0.0,19,0,2020
69985,1039,826,10.0,14,0,2020
69986,1039,848,63.0,5,0,2020
69987,1039,8,2.0,16,0,2020
69988,1039,847,0.0,20,0,2020
69989,1039,154,0.0,21,0,2020
69990,1039,825,1.0,18,0,2020
69991,1039,840,57.0,6,0,2020
69992,1039,817,53.0,7,0,2020
69993,1039,830,110.0,3,1,2020
69994,1039,807,6.0,15,0,2020
70017,1040,846,65.0,4,0,2020
70018,1040,1,205.0,1,6,2020
70019,1040,832,41.0,11,0,2020
70020,1040,815,56.0,9,0,2020
70021,1040,842,45.0,10,1,2020
70022,1040,839,36.0,12,0,2020
70023,1040,841,2.0,17,0,2020
70024,1040,20,17.0,13,0,2020
70025,1040,849,0.0,19,0,2020
70026,1040,826,14.0,14,0,2020
70027,1040,848,64.0,5,0,2020
70028,1040,8,2.0,16,0,2020
70029,1040,847,0.0,20,0,2020
70030,1040,154,0.0,21,0,2020
70031,1040,825,1.0,18,0,2020
70032,1040,840,57.0,8,0,2020
70033,1040,817,63.0,6,0,2020
70034,1040,830,128.0,3,1,2020
70035,1040,807,6.0,15,0,2020
70036,1041,822,161.0,2,2,2020
70037,1041,844,63.0,8,0,2020
70038,1041,846,65.0,6,0,2020
70039,1041,1,230.0,1,7,2020
70040,1041,832,51.0,11,0,2020
70041,1041,815,68.0,5,0,2020
70042,1041,842,53.0,10,1,2020
70043,1041,839,36.0,12,0,2020
70044,1041,841,3.0,16,0,2020
70045,1041,20,17.0,13,0,2020
70046,1041,849,0.0,20,0,2020
70047,1041,826,14.0,14,0,2020
70048,1041,848,64.0,7,0,2020
70049,1041,8,2.0,17,0,2020
70050,1041,847,0.0,21,0,2020
70051,1041,154,2.0,18,0,2020
70052,1041,825,1.0,19,0,2020
70053,1041,840,57.0,9,0,2020
70054,1041,817,78.0,4,0,2020
70055,1041,830,147.0,3,1,2020
70056,1041,807,10.0,15,0,2020
70057,1042,822,179.0,2,2,2020
70058,1042,844,75.0,5,0,2020
70059,1042,846,65.0,7,0,2020
70060,1042,1,256.0,1,8,2020
70061,1042,832,59.0,10,0,2020
70062,1042,815,74.0,6,0,2020
70063,1042,842,63.0,9,1,2020
70064,1042,839,40.0,12,0,2020
70065,1042,841,3.0,16,0,2020
70066,1042,20,18.0,13,0,2020
70067,1042,849,0.0,20,0,2020
70068,1042,826,14.0,14,0,2020
70069,1042,848,64.0,8,0,2020
70070,1042,8,2.0,17,0,2020
70071,1042,847,0.0,21,0,2020
70072,1042,154,2.0,18,0,2020
70073,1042,825,1.0,19,0,2020
70074,1042,840,57.0,11,0,2020
70075,1042,817,80.0,4,0,2020
70076,1042,830,162.0,3,1,2020
70077,1042,807,10.0,15,0,2020
70078,1043,822,197.0,2,2,2020
70079,1043,844,85.0,5,0,2020
70080,1043,846,69.0,7,0,2020
70081,1043,1,282.0,1,9,2020
70082,1043,832,65.0,8,0,2020
70083,1043,815,82.0,6,0,2020
70084,1043,842,63.0,10,1,2020
70085,1043,839,40.0,12,0,2020
70086,1043,841,4.0,17,0,2020
70087,1043,20,18.0,14,0,2020
70088,1043,849,0.0,20,0,2020
70089,1043,826,26.0,13,0,2020
70090,1043,848,64.0,9,0,2020
70091,1043,8,4.0,16,0,2020
70092,1043,847,0.0,21,0,2020
70093,1043,154,2.0,18,0,2020
70094,1043,825,1.0,19,0,2020
70095,1043,840,57.0,11,0,2020
70096,1043,817,95.0,4,0,2020
70097,1043,830,162.0,3,1,2020
70098,1043,807,10.0,15,0,2020
70099,1044,822,197.0,2,2,2020
70100,1044,844,97.0,5,0,2020
70101,1044,846,74.0,8,0,2020
70102,1044,1,307.0,1,10,2020
70103,1044,832,75.0,7,0,2020
70104,1044,815,100.0,4,0,2020
70105,1044,842,63.0,10,1,2020
70106,1044,839,40.0,12,0,2020
70107,1044,841,4.0,17,0,2020
70108,1044,20,33.0,13,0,2020
70109,1044,849,0.0,20,0,2020
70110,1044,826,26.0,14,0,2020
70111,1044,848,70.0,9,0,2020
70112,1044,8,4.0,16,0,2020
70113,1044,847,0.0,21,0,2020
70114,1044,154,2.0,18,0,2020
70115,1044,825,1.0,19,0,2020
70116,1044,840,59.0,11,0,2020
70117,1044,817,96.0,6,0,2020
70118,1044,830,170.0,3,1,2020
70119,1044,807,10.0,15,0,2020
70120,1045,822,201.0,2,2,2020
70121,1045,844,98.0,6,0,2020
70122,1045,846,86.0,7,0,2020
70123,1045,1,332.0,1,11,2020
70124,1045,832,85.0,8,0,2020
70125,1045,815,100.0,5,0,2020
70126,1045,842,71.0,10,1,2020
70127,1045,839,42.0,12,0,2020
70128,1045,841,4.0,17,0,2020
70129,1045,20,33.0,13,0,2020
70130,1045,849,0.0,20,0,2020
70131,1045,826,26.0,14,0,2020
70132,1045,848,85.0,9,0,2020
70133,1045,8,4.0,16,0,2020
70134,1045,847,0.0,21,0,2020
70135,1045,154,2.0,18,0,2020
70136,1045,825,1.0,19,0,2020
70137,1045,840,59.0,11,0,2020
70138,1045,817,102.0,4,0,2020
70139,1045,830,189.0,3,1,2020
70140,1045,807,10.0,15,0,2020
70141,1046,822,205.0,2,2,2020
70142,1046,844,98.0,6,0,2020
70143,1046,846,87.0,9,0,2020
70144,1046,1,332.0,1,11,2020
70145,1046,832,97.0,7,0,2020
70146,1046,815,125.0,4,1,2020
70147,1046,842,71.0,11,1,2020
70148,1046,839,60.0,12,0,2020
70149,1046,841,4.0,17,0,2020
70150,1046,20,33.0,13,0,2020
70151,1046,849,0.0,21,0,2020
70152,1046,826,32.0,14,0,2020
70153,1046,848,93.0,8,0,2020
70154,1046,8,4.0,16,0,2020
70155,1046,847,3.0,18,0,2020
70156,1046,154,2.0,19,0,2020
70157,1046,825,1.0,20,0,2020
70158,1046,840,74.0,10,0,2020
70159,1046,817,112.0,5,0,2020
70160,1046,830,189.0,3,1,2020
70161,1046,807,10.0,15,0,2020
70162,1046,851,0.0,22,0,2020
70163,1046,850,0.0,23,0,2020
70208,1047,851,0.0,22,0,2020
70207,1047,807,10.0,15,0,2020
70206,1047,830,214.0,3,2,2020
70205,1047,817,119.0,5,0,2020
70203,1047,825,1.0,20,0,2020
70201,1047,847,3.0,18,0,2020
70198,1047,826,32.0,14,0,2020
70196,1047,20,33.0,13,0,2020
70194,1047,839,62.0,12,0,2020
70192,1047,815,125.0,4,1,2020
70190,1047,1,347.0,1,11,2020
70191,1047,832,105.0,6,0,2020
70193,1047,842,75.0,10,1,2020
70202,1047,154,2.0,19,0,2020
70209,1047,850,0.0,23,0,2020
70195,1047,841,4.0,17,0,2020
70204,1047,840,75.0,11,0,2020
70189,1047,846,97.0,9,0,2020
70200,1047,8,4.0,16,0,2020
70199,1047,848,105.0,7,0,2020
70197,1047,849,0.0,21,0,2020
70188,1047,844,98.0,8,0,2020
70187,1047,822,223.0,2,2,2020
70718,1051,9,0.0,20,0,2021
70717,1051,853,0.0,21,0,2021
70716,1051,4,77.0,10,0,2021
70715,1051,849,7.0,17,0,2021
70714,1051,842,92.0,9,0,2021
70713,1051,854,0.0,19,0,2021
70712,1051,20,43.0,12,0,2021
70711,1051,847,16.0,15,0,2021
70710,1051,839,60.0,11,1,2021
70709,1051,841,1.0,18,0,2021
70708,1051,8,10.0,16,0,2021
70707,1051,840,34.0,13,0,2021
70706,1051,852,20.0,14,0,2021
70705,1051,832,145.5,7,0,2021
70704,1051,817,105.0,8,1,2021
70703,1051,844,152.0,6,0,2021
70702,1051,815,190.0,4,1,2021
70701,1051,846,153.0,5,0,2021
70700,1051,822,203.0,3,1,2021
70699,1051,830,351.5,1,9,2021
70698,1051,1,343.5,2,7,2021
70231,1052,1,25.0,1,1,2021
70232,1052,830,18.0,2,0,2021
70233,1052,822,16.0,3,0,2021
70234,1052,846,12.0,4,0,2021
70235,1052,815,10.0,5,0,2021
70236,1052,844,8.0,6,0,2021
70237,1052,817,6.0,7,0,2021
70238,1052,832,4.0,8,0,2021
70239,1052,852,2.0,9,0,2021
70240,1052,840,1.0,10,0,2021
70241,1052,8,0.0,11,0,2021
70242,1052,841,0.0,12,0,2021
70243,1052,839,0.0,13,0,2021
70244,1052,847,0.0,14,0,2021
70245,1052,20,0.0,15,0,2021
70246,1052,854,0.0,16,0,2021
70247,1052,842,0.0,17,0,2021
70248,1052,849,0.0,18,0,2021
70249,1052,4,0.0,19,0,2021
70250,1052,853,0.0,20,0,2021
70300,1053,840,5.0,10,0,2021
70295,1053,815,10.0,8,0,2021
70310,1053,853,0.0,19,0,2021
70309,1053,4,1.0,13,0,2021
70308,1053,849,0.0,20,0,2021
70307,1053,842,6.0,9,0,2021
70298,1053,832,14.0,6,0,2021
70296,1053,844,20.0,4,0,2021
70292,1053,830,43.0,2,1,2021
70305,1053,20,0.0,17,0,2021
70304,1053,847,0.0,16,0,2021
70306,1053,854,0.0,18,0,2021
70303,1053,839,2.0,12,0,2021
70302,1053,841,0.0,15,0,2021
70301,1053,8,0.0,14,0,2021
70299,1053,852,2.0,11,0,2021
70297,1053,817,14.0,7,0,2021
70294,1053,846,27.0,3,0,2021
70293,1053,822,16.0,5,0,2021
70291,1053,1,44.0,1,1,2021
70311,1054,1,69.0,1,2,2021
70312,1054,830,61.0,2,1,2021
70313,1054,822,32.0,4,0,2021
70314,1054,846,37.0,3,0,2021
70315,1054,815,22.0,6,0,2021
70316,1054,844,28.0,5,0,2021
70317,1054,817,16.0,7,0,2021
70318,1054,832,14.0,8,0,2021
70319,1054,852,2.0,13,0,2021
70320,1054,840,5.0,11,0,2021
70321,1054,8,0.0,14,0,2021
70322,1054,841,0.0,15,0,2021
70323,1054,839,8.0,9,0,2021
70324,1054,847,0.0,17,0,2021
70325,1054,20,0.0,16,0,2021
70326,1054,854,0.0,18,0,2021
70327,1054,842,7.0,10,0,2021
70328,1054,849,0.0,20,0,2021
70329,1054,4,5.0,12,0,2021
70330,1054,853,0.0,19,0,2021
70331,1055,1,94.0,1,3,2021
70332,1055,830,80.0,2,1,2021
70333,1055,822,47.0,3,0,2021
70334,1055,846,41.0,4,0,2021
70335,1055,815,32.0,6,0,2021
70336,1055,844,40.0,5,0,2021
70337,1055,817,24.0,7,0,2021
70338,1055,832,20.0,8,0,2021
70339,1055,852,2.0,13,0,2021
70340,1055,840,5.0,11,0,2021
70341,1055,8,0.0,14,0,2021
70342,1055,841,0.0,15,0,2021
70343,1055,839,10.0,9,0,2021
70344,1055,847,0.0,17,0,2021
70345,1055,20,0.0,16,0,2021
70346,1055,854,0.0,18,0,2021
70347,1055,842,8.0,10,0,2021
70348,1055,849,0.0,19,0,2021
70349,1055,4,5.0,12,0,2021
70350,1055,853,0.0,20,0,2021
70351,1056,1,101.0,2,3,2021
70352,1056,830,105.0,1,2,2021
70353,1056,822,47.0,4,0,2021
70354,1056,846,56.0,3,0,2021
70355,1056,815,44.0,5,0,2021
70356,1056,844,40.0,6,0,2021
70357,1056,817,24.0,8,0,2021
70358,1056,832,38.0,7,0,2021
70359,1056,852,2.0,14,0,2021
70360,1056,840,9.0,12,0,2021
70361,1056,8,0.0,16,0,2021
70362,1056,841,1.0,15,0,2021
70363,1056,839,12.0,10,0,2021
70364,1056,847,0.0,17,0,2021
70365,1056,20,10.0,11,0,2021
70366,1056,854,0.0,19,0,2021
70367,1056,842,16.0,9,0,2021
70368,1056,849,0.0,18,0,2021
70369,1056,4,5.0,13,0,2021
70370,1056,853,0.0,20,0,2021
70371,1057,1,101.0,2,3,2021
70372,1057,830,105.0,1,2,2021
70373,1057,822,47.0,6,0,2021
70374,1057,846,66.0,4,0,2021
70375,1057,815,69.0,3,1,2021
70376,1057,844,52.0,5,0,2021
70377,1057,817,26.0,10,0,2021
70378,1057,832,42.0,7,0,2021
70379,1057,852,8.0,14,0,2021
70380,1057,840,9.0,13,0,2021
70381,1057,8,1.0,15,0,2021
70382,1057,841,1.0,16,0,2021
70383,1057,839,12.0,12,0,2021
70384,1057,847,0.0,18,0,2021
70385,1057,20,28.0,9,0,2021
70386,1057,854,0.0,17,0,2021
70387,1057,842,31.0,8,0,2021
70388,1057,849,0.0,20,0,2021
70389,1057,4,13.0,11,0,2021
70390,1057,853,0.0,19,0,2021
70391,1059,1,119.0,2,3,2021
70392,1059,830,131.0,1,3,2021
70393,1059,822,59.0,5,0,2021
70394,1059,846,76.0,4,0,2021
70395,1059,815,84.0,3,1,2021
70396,1059,844,52.0,6,0,2021
70397,1059,817,34.0,9,0,2021
70398,1059,832,42.0,7,0,2021
70399,1059,852,8.0,14,0,2021
70400,1059,840,10.0,13,0,2021
70401,1059,8,1.0,15,0,2021
70402,1059,841,1.0,16,0,2021
70403,1059,839,12.0,12,0,2021
70404,1059,847,0.0,17,0,2021
70405,1059,20,30.0,10,0,2021
70406,1059,854,0.0,18,0,2021
70407,1059,842,37.0,8,0,2021
70408,1059,849,0.0,20,0,2021
70409,1059,4,17.0,11,0,2021
70410,1059,853,0.0,19,0,2021
70411,1058,1,138.0,2,3,2021
70412,1058,830,156.0,1,4,2021
70413,1058,822,74.0,5,0,2021
70414,1058,846,86.0,4,0,2021
70415,1058,815,96.0,3,1,2021
70416,1058,844,58.0,6,0,2021
70417,1058,817,34.0,9,0,2021
70418,1058,832,50.0,7,0,2021
70419,1058,852,9.0,14,0,2021
70420,1058,840,14.0,12,0,2021
70421,1058,8,1.0,15,0,2021
70422,1058,841,1.0,16,0,2021
70423,1058,839,12.0,13,0,2021
70424,1058,847,0.0,17,0,2021
70425,1058,20,30.0,10,0,2021
70426,1058,854,0.0,18,0,2021
70427,1058,842,37.0,8,0,2021
70428,1058,849,0.0,20,0,2021
70429,1058,4,19.0,11,0,2021
70430,1058,853,0.0,19,0,2021
70468,1060,849,0.0,20,0,2021
70467,1060,842,39.0,9,0,2021
70465,1060,20,30.0,10,0,2021
70464,1060,847,0.0,17,0,2021
70461,1060,8,1.0,15,0,2021
70458,1060,832,60.0,7,0,2021
70456,1060,844,62.0,6,0,2021
70455,1060,815,104.0,3,1,2021
70454,1060,846,101.0,4,0,2021
70452,1060,830,182.0,1,5,2021
70470,1060,853,0.0,19,0,2021
70469,1060,4,20.0,11,0,2021
70466,1060,854,0.0,18,0,2021
70453,1060,822,92.0,5,0,2021
70460,1060,840,14.0,12,0,2021
70463,1060,839,12.0,13,0,2021
70462,1060,841,1.0,16,0,2021
70459,1060,852,9.0,14,0,2021
70457,1060,817,40.0,8,0,2021
70451,1060,1,150.0,2,3,2021
70471,1061,1,177.0,2,4,2021
70472,1061,830,185.0,1,5,2021
70473,1061,822,108.0,4,0,2021
70474,1061,846,113.0,3,0,2021
70475,1061,815,104.0,5,1,2021
70476,1061,844,80.0,6,0,2021
70477,1061,817,50.0,8,0,2021
70478,1061,832,68.0,7,0,2021
70479,1061,852,10.0,14,0,2021
70480,1061,840,18.0,12,0,2021
70481,1061,8,1.0,15,0,2021
70482,1061,841,1.0,16,0,2021
70483,1061,839,14.0,13,0,2021
70484,1061,847,0.0,17,0,2021
70485,1061,20,30.0,10,0,2021
70486,1061,854,0.0,18,0,2021
70487,1061,842,39.0,9,0,2021
70488,1061,849,0.0,19,0,2021
70489,1061,4,26.0,11,0,2021
70490,1061,853,0.0,20,0,2021
70528,1062,849,6.0,15,0,2021
70527,1062,842,50.0,8,0,2021
70525,1062,20,30.0,12,0,2021
70524,1062,847,4.0,16,0,2021
70523,1062,839,39.0,10,1,2021
70521,1062,8,2.0,17,0,2021
70520,1062,840,18.0,14,0,2021
70517,1062,817,50.0,9,0,2021
70515,1062,815,104.0,5,1,2021
70513,1062,822,108.0,4,0,2021
70530,1062,853,0.0,20,0,2021
70529,1062,4,38.0,11,0,2021
70526,1062,854,0.0,19,0,2021
70519,1062,852,18.0,13,0,2021
70516,1062,844,80.0,7,0,2021
70512,1062,830,187.0,2,5,2021
70514,1062,846,113.0,3,0,2021
70522,1062,841,1.0,18,0,2021
70518,1062,832,83.0,6,0,2021
70511,1062,1,195.0,1,4,2021
70531,1063,1,202.5,1,4,2021
70532,1063,830,199.5,2,6,2021
70533,1063,822,108.0,4,0,2021
70534,1063,846,113.0,3,0,2021
70535,1063,815,104.0,5,1,2021
70536,1063,844,82.0,7,0,2021
70537,1063,817,56.0,8,0,2021
70538,1063,832,83.5,6,0,2021
70539,1063,852,18.0,13,0,2021
70540,1063,840,18.0,14,0,2021
70541,1063,8,2.0,17,0,2021
70542,1063,841,1.0,18,0,2021
70543,1063,839,42.0,10,1,2021
70544,1063,847,13.0,15,0,2021
70545,1063,20,35.0,12,0,2021
70546,1063,854,0.0,19,0,2021
70547,1063,842,54.0,9,0,2021
70548,1063,849,7.0,16,0,2021
70549,1063,4,38.0,11,0,2021
70550,1063,853,0.0,20,0,2021
70551,1064,1,221.5,2,4,2021
70552,1064,830,224.5,1,7,2021
70553,1064,822,123.0,3,0,2021
70554,1064,846,114.0,4,0,2021
70555,1064,815,108.0,5,1,2021
70556,1064,844,92.0,6,0,2021
70557,1064,817,56.0,9,0,2021
70558,1064,832,89.5,7,0,2021
70559,1064,852,18.0,13,0,2021
70560,1064,840,18.0,14,0,2021
70561,1064,8,2.0,17,0,2021
70562,1064,841,1.0,18,0,2021
70563,1064,839,44.0,11,1,2021
70564,1064,847,13.0,15,0,2021
70565,1064,20,35.0,12,0,2021
70566,1064,854,0.0,19,0,2021
70567,1064,842,66.0,8,0,2021
70568,1064,849,7.0,16,0,2021
70569,1064,4,46.0,10,0,2021
70570,1064,853,0.0,20,0,2021
70571,1064,9,0.0,21,0,2021
70572,1065,1,221.5,2,4,2021
70573,1065,830,226.5,1,7,2021
70574,1065,822,141.0,3,0,2021
70575,1065,846,132.0,4,0,2021
70576,1065,815,118.0,5,1,2021
70577,1065,844,104.0,6,0,2021
70578,1065,817,83.0,8,1,2021
70579,1065,832,97.5,7,0,2021
70580,1065,852,18.0,14,0,2021
70581,1065,840,24.0,13,0,2021
70582,1065,8,2.0,17,0,2021
70583,1065,841,1.0,18,0,2021
70584,1065,839,45.0,11,1,2021
70585,1065,847,15.0,15,0,2021
70586,1065,20,35.0,12,0,2021
70587,1065,854,0.0,19,0,2021
70588,1065,842,66.0,9,0,2021
70589,1065,849,7.0,16,0,2021
70590,1065,4,50.0,10,0,2021
70591,1065,853,0.0,21,0,2021
70592,1065,9,0.0,20,0,2021
70593,1066,1,246.5,1,5,2021
70594,1066,830,244.5,2,7,2021
70595,1066,822,151.0,3,0,2021
70596,1066,846,139.0,4,0,2021
70597,1066,815,120.0,5,1,2021
70598,1066,844,104.0,7,0,2021
70599,1066,817,95.0,8,1,2021
70600,1066,832,112.5,6,0,2021
70601,1066,852,18.0,14,0,2021
70602,1066,840,24.0,13,0,2021
70603,1066,8,6.0,17,0,2021
70604,1066,841,1.0,18,0,2021
70605,1066,839,45.0,11,1,2021
70606,1066,847,16.0,15,0,2021
70607,1066,20,35.0,12,0,2021
70608,1066,854,0.0,19,0,2021
70609,1066,842,66.0,9,0,2021
70610,1066,849,7.0,16,0,2021
70611,1066,4,58.0,10,0,2021
70612,1066,853,0.0,21,0,2021
70613,1066,9,0.0,20,0,2021
70614,1067,1,256.5,2,5,2021
70615,1067,830,262.5,1,7,2021
70616,1067,822,177.0,3,1,2021
70617,1067,846,145.0,4,0,2021
70618,1067,815,135.0,5,1,2021
70619,1067,844,116.0,7,0,2021
70620,1067,817,95.0,8,1,2021
70621,1067,832,116.5,6,0,2021
70622,1067,852,18.0,14,0,2021
70623,1067,840,26.0,13,0,2021
70624,1067,8,6.0,17,0,2021
70625,1067,841,1.0,18,0,2021
70626,1067,839,46.0,11,1,2021
70627,1067,847,16.0,15,0,2021
70628,1067,20,35.0,12,0,2021
70629,1067,854,0.0,19,0,2021
70630,1067,842,74.0,9,0,2021
70631,1067,849,7.0,16,0,2021
70632,1067,4,58.0,10,0,2021
70633,1067,853,0.0,21,0,2021
70634,1067,9,0.0,20,0,2021
70635,1069,1,275.5,2,5,2021
70636,1069,830,287.5,1,8,2021
70637,1069,822,185.0,3,1,2021
70638,1069,846,149.0,5,0,2021
70639,1069,815,150.0,4,1,2021
70640,1069,844,128.0,6,0,2021
70641,1069,817,105.0,8,1,2021
70642,1069,832,122.5,7,0,2021
70643,1069,852,20.0,14,0,2021
70644,1069,840,26.0,13,0,2021
70645,1069,8,6.0,17,0,2021
70646,1069,841,1.0,18,0,2021
70647,1069,839,46.0,11,1,2021
70648,1069,847,16.0,15,0,2021
70649,1069,20,36.0,12,0,2021
70650,1069,854,0.0,19,0,2021
70651,1069,842,74.0,9,0,2021
70652,1069,849,7.0,16,0,2021
70653,1069,4,58.0,10,0,2021
70654,1069,853,0.0,21,0,2021
70655,1069,9,0.0,20,0,2021
70656,1070,1,293.5,2,5,2021
70657,1070,830,312.5,1,9,2021
70658,1070,822,185.0,3,1,2021
70659,1070,846,150.0,5,0,2021
70660,1070,815,165.0,4,1,2021
70661,1070,844,138.0,6,0,2021
70662,1070,817,105.0,8,1,2021
70663,1070,832,130.5,7,0,2021
70664,1070,852,20.0,14,0,2021
70665,1070,840,26.0,13,0,2021
70666,1070,8,10.0,16,0,2021
70667,1070,841,1.0,18,0,2021
70668,1070,839,46.0,11,1,2021
70669,1070,847,16.0,15,0,2021
70670,1070,20,42.0,12,0,2021
70671,1070,854,0.0,19,0,2021
70672,1070,842,86.0,9,0,2021
70673,1070,849,7.0,17,0,2021
70674,1070,4,60.0,10,0,2021
70675,1070,853,0.0,21,0,2021
70676,1070,9,0.0,20,0,2021
70677,1071,1,318.5,2,6,2021
70678,1071,830,332.5,1,9,2021
70679,1071,822,203.0,3,1,2021
70680,1071,846,151.0,5,0,2021
70681,1071,815,178.0,4,1,2021
70682,1071,844,148.0,6,0,2021
70683,1071,817,105.0,8,1,2021
70684,1071,832,139.5,7,0,2021
70685,1071,852,20.0,14,0,2021
70686,1071,840,26.0,13,0,2021
70687,1071,8,10.0,16,0,2021
70688,1071,841,1.0,18,0,2021
70689,1071,839,50.0,11,1,2021
70690,1071,847,16.0,15,0,2021
70691,1071,20,42.0,12,0,2021
70692,1071,854,0.0,19,0,2021
70693,1071,842,92.0,9,0,2021
70694,1071,849,7.0,17,0,2021
70695,1071,4,62.0,10,0,2021
70696,1071,853,0.0,21,0,2021
70697,1071,9,0.0,20,0,2021
70719,1072,1,369.5,2,8,2021
70720,1072,830,369.5,1,9,2021
70721,1072,822,218.0,3,1,2021
70722,1072,846,154.0,6,0,2021
70723,1072,815,190.0,4,1,2021
70724,1072,844,158.0,5,0,2021
70725,1072,817,115.0,8,1,2021
70726,1072,832,149.5,7,0,2021
70727,1072,852,20.0,14,0,2021
70728,1072,840,34.0,13,0,2021
70729,1072,8,10.0,16,0,2021
70730,1072,841,3.0,18,0,2021
70731,1072,839,72.0,11,1,2021
70732,1072,847,16.0,15,0,2021
70733,1072,20,43.0,12,0,2021
70734,1072,854,0.0,19,0,2021
70735,1072,842,100.0,9,0,2021
70736,1072,849,7.0,17,0,2021
70737,1072,4,77.0,10,0,2021
70738,1072,853,0.0,21,0,2021
70739,1072,9,0.0,20,0,2021
70740,1073,1,387.5,2,8,2021
70741,1073,830,395.5,1,10,2021
70742,1073,822,226.0,3,1,2021
70743,1073,846,160.0,6,0,2021
70744,1073,815,190.0,4,1,2021
70745,1073,844,159.0,7,0,2021
70746,1073,817,115.0,8,1,2021
70747,1073,832,164.5,5,0,2021
70748,1073,852,32.0,14,0,2021
70749,1073,840,34.0,13,0,2021
70750,1073,8,10.0,16,0,2021
70751,1073,841,3.0,18,0,2021
70752,1073,839,74.0,11,1,2021
70753,1073,847,16.0,15,0,2021
70754,1073,20,43.0,12,0,2021
70755,1073,854,0.0,19,0,2021
70756,1073,842,110.0,9,0,2021
70757,1073,849,7.0,17,0,2021
70758,1073,4,81.0,10,0,2021
70759,1073,853,0.0,21,0,2021
70760,1073,9,0.0,20,0,2021
71395,1074,842,0.0,20,0,2022
71394,1074,830,0.0,19,0,2022
71393,1074,815,0.0,18,0,2022
71392,1074,807,0.0,17,0,2022
71391,1074,849,0.0,16,0,2022
71390,1074,846,0.0,15,0,2022
71389,1074,817,0.0,14,0,2022
71388,1074,848,0.0,13,0,2022
71387,1074,840,0.0,12,0,2022
71386,1074,854,0.0,11,0,2022
71385,1074,855,1.0,10,0,2022
71384,1074,4,2.0,9,0,2022
71383,1074,852,4.0,8,0,2022
71382,1074,839,6.0,7,0,2022
71381,1074,822,8.0,6,0,2022
71376,1074,844,26.0,1,1,2022
71377,1074,832,18.0,2,0,2022
71378,1074,1,15.0,3,0,2022
71379,1074,847,12.0,4,0,2022
71380,1074,825,10.0,5,0,2022
71272,1075,844,45.0,1,1,2022
71273,1075,832,33.0,2,0,2022
71274,1075,1,16.0,5,0,2022
71275,1075,847,22.0,4,0,2022
71276,1075,825,12.0,8,0,2022
71277,1075,822,8.0,9,0,2022
71278,1075,839,14.0,6,0,2022
71279,1075,852,4.0,11,0,2022
71280,1075,4,2.0,13,0,2022
71281,1075,855,1.0,14,0,2022
71282,1075,854,0.0,15,0,2022
71283,1075,840,0.0,16,0,2022
71284,1075,848,0.0,18,0,2022
71285,1075,817,0.0,19,0,2022
71286,1075,846,6.0,10,0,2022
71287,1075,849,0.0,20,0,2022
71288,1075,807,0.0,17,0,2022
71289,1075,815,12.0,7,0,2022
71290,1075,830,25.0,3,1,2022
71291,1075,842,4.0,12,0,2022
71292,1076,844,71.0,1,2,2022
71293,1076,832,33.0,3,0,2022
71294,1076,1,28.0,5,0,2022
71295,1076,847,37.0,2,0,2022
71296,1076,825,12.0,9,0,2022
71297,1076,822,12.0,10,0,2022
71298,1076,839,20.0,7,0,2022
71299,1076,852,4.0,13,0,2022
71300,1076,4,2.0,14,0,2022
71301,1076,855,1.0,15,0,2022
71302,1076,854,0.0,17,0,2022
71303,1076,840,0.0,18,0,2022
71304,1076,848,1.0,16,0,2022
71305,1076,817,8.0,11,0,2022
71306,1076,846,16.0,8,0,2022
71307,1076,849,0.0,20,0,2022
71308,1076,807,0.0,19,0,2022
71309,1076,815,30.0,4,0,2022
71310,1076,830,25.0,6,1,2022
71311,1076,842,6.0,12,0,2022
71312,1076,20,0.0,21,0,2022
71313,1077,844,86.0,1,2,2022
71314,1077,832,38.0,5,0,2022
71315,1077,1,28.0,7,0,2022
71316,1077,847,49.0,4,0,2022
71317,1077,825,15.0,10,0,2022
71318,1077,822,24.0,8,0,2022
71319,1077,839,20.0,9,0,2022
71320,1077,852,10.0,12,0,2022
71321,1077,4,2.0,15,0,2022
71322,1077,855,1.0,16,0,2022
71323,1077,854,0.0,19,0,2022
71324,1077,840,1.0,18,0,2022
71325,1077,848,1.0,17,0,2022
71326,1077,817,11.0,11,0,2022
71327,1077,846,35.0,6,0,2022
71328,1077,849,0.0,21,0,2022
71329,1077,807,0.0,20,0,2022
71330,1077,815,54.0,3,0,2022
71331,1077,830,59.0,2,2,2022
71332,1077,842,6.0,13,0,2022
71333,1077,20,4.0,14,0,2022
71334,1078,844,104.0,1,2,2022
71335,1078,832,53.0,5,0,2022
71336,1078,1,36.0,6,0,2022
71337,1078,847,59.0,4,0,2022
71338,1078,825,15.0,10,0,2022
71339,1078,822,30.0,8,0,2022
71340,1078,839,24.0,9,0,2022
71341,1078,852,10.0,12,0,2022
71342,1078,4,2.0,16,0,2022
71343,1078,855,1.0,18,0,2022
71344,1078,854,0.0,19,0,2022
71345,1078,840,2.0,17,0,2022
71346,1078,848,3.0,15,0,2022
71347,1078,817,11.0,11,0,2022
71348,1078,846,35.0,7,0,2022
71349,1078,849,0.0,21,0,2022
71350,1078,807,0.0,20,0,2022
71351,1078,815,66.0,3,0,2022
71352,1078,830,85.0,2,3,2022
71353,1078,842,6.0,13,0,2022
71354,1078,20,4.0,14,0,2022
71355,1079,844,104.0,2,2,2022
71356,1079,832,65.0,5,0,2022
71357,1079,1,46.0,6,0,2022
71358,1079,847,74.0,4,0,2022
71359,1079,825,15.0,10,0,2022
71360,1079,822,38.0,8,0,2022
71361,1079,839,30.0,9,0,2022
71362,1079,852,11.0,11,0,2022
71363,1079,4,4.0,15,0,2022
71364,1079,855,1.0,18,0,2022
71365,1079,854,0.0,19,0,2022
71366,1079,840,2.0,17,0,2022
71367,1079,848,3.0,16,0,2022
71368,1079,817,11.0,12,0,2022
71369,1079,846,39.0,7,0,2022
71370,1079,849,0.0,21,0,2022
71371,1079,807,0.0,20,0,2022
71372,1079,815,85.0,3,0,2022
71373,1079,830,110.0,1,4,2022
71374,1079,842,6.0,13,0,2022
71375,1079,20,4.0,14,0,2022
71396,1080,844,116.0,2,2,2022
71397,1080,832,83.0,5,0,2022
71398,1080,1,50.0,6,0,2022
71399,1080,847,84.0,4,0,2022
71400,1080,825,15.0,10,0,2022
71401,1080,822,40.0,8,0,2022
71402,1080,839,30.0,9,0,2022
71403,1080,852,11.0,12,0,2022
71404,1080,4,10.0,13,0,2022
71405,1080,855,1.0,18,0,2022
71406,1080,854,0.0,19,0,2022
71407,1080,840,2.0,17,0,2022
71408,1080,848,3.0,16,0,2022
71409,1080,817,11.0,11,0,2022
71410,1080,846,48.0,7,0,2022
71411,1080,849,0.0,21,0,2022
71412,1080,807,0.0,20,0,2022
71413,1080,815,110.0,3,1,2022
71414,1080,830,125.0,1,4,2022
71415,1080,842,6.0,14,0,2022
71416,1080,20,5.0,15,0,2022
71417,1081,844,116.0,3,2,2022
71418,1081,832,83.0,5,0,2022
71419,1081,1,62.0,6,0,2022
71420,1081,847,99.0,4,0,2022
71421,1081,825,15.0,12,0,2022
71422,1081,822,40.0,8,0,2022
71423,1081,839,31.0,9,0,2022
71424,1081,852,11.0,15,0,2022
71425,1081,4,16.0,11,0,2022
71426,1081,855,1.0,18,0,2022
71427,1081,854,0.0,19,0,2022
71428,1081,840,2.0,17,0,2022
71429,1081,848,3.0,16,0,2022
71430,1081,817,15.0,13,0,2022
71431,1081,846,50.0,7,0,2022
71432,1081,849,0.0,21,0,2022
71433,1081,807,0.0,20,0,2022
71434,1081,815,129.0,2,1,2022
71435,1081,830,150.0,1,5,2022
71436,1081,842,16.0,10,0,2022
71437,1081,20,13.0,14,0,2022
71479,1082,20,13.0,14,0,2022
71477,1082,830,175.0,1,6,2022
71476,1082,815,129.0,2,1,2022
71475,1082,807,0.0,20,0,2022
71474,1082,849,0.0,21,0,2022
71471,1082,848,3.0,17,0,2022
71470,1082,840,3.0,18,0,2022
71468,1082,855,5.0,16,0,2022
71467,1082,4,18.0,10,0,2022
71466,1082,852,11.0,15,0,2022
71460,1082,832,102.0,5,0,2022
71461,1082,1,77.0,6,0,2022
71462,1082,847,111.0,4,0,2022
71463,1082,825,15.0,12,0,2022
71464,1082,822,46.0,8,0,2022
71478,1082,842,16.0,11,0,2022
71465,1082,839,39.0,9,0,2022
71472,1082,817,15.0,13,0,2022
71459,1082,844,126.0,3,2,2022
71473,1082,846,50.0,7,0,2022
71469,1082,854,0.0,19,0,2022
71480,1083,844,138.0,3,2,2022
71481,1083,832,127.0,4,1,2022
71482,1083,1,93.0,6,0,2022
71483,1083,847,111.0,5,0,2022
71484,1083,825,16.0,12,0,2022
71485,1083,822,46.0,8,0,2022
71486,1083,839,39.0,9,0,2022
71487,1083,852,11.0,15,0,2022
71488,1083,4,28.0,10,0,2022
71489,1083,855,5.0,16,0,2022
71490,1083,854,4.0,17,0,2022
71491,1083,840,3.0,19,0,2022
71492,1083,848,3.0,18,0,2022
71493,1083,817,15.0,14,0,2022
71494,1083,846,58.0,7,0,2022
71495,1083,849,0.0,20,0,2022
71496,1083,807,0.0,21,0,2022
71497,1083,815,147.0,2,1,2022
71498,1083,830,181.0,1,6,2022
71499,1083,842,16.0,11,0,2022
71500,1083,20,15.0,13,0,2022
71501,1084,844,170.0,2,3,2022
71502,1084,832,133.0,4,1,2022
71503,1084,1,109.0,6,0,2022
71504,1084,847,128.0,5,0,2022
71505,1084,825,22.0,11,0,2022
71506,1084,822,46.0,9,0,2022
71507,1084,839,52.0,8,0,2022
71508,1084,852,11.0,16,0,2022
71509,1084,4,29.0,10,0,2022
71510,1084,855,5.0,17,0,2022
71511,1084,854,12.0,15,0,2022
71512,1084,840,3.0,19,0,2022
71513,1084,848,3.0,18,0,2022
71514,1084,817,17.0,12,0,2022
71515,1084,846,64.0,7,0,2022
71516,1084,849,0.0,20,0,2022
71517,1084,807,0.0,21,0,2022
71518,1084,815,151.0,3,1,2022
71519,1084,830,208.0,1,6,2022
71520,1084,842,16.0,13,0,2022
71521,1084,20,15.0,14,0,2022
71522,1085,844,170.0,2,3,2022
71523,1085,832,144.0,4,1,2022
71524,1085,1,127.0,6,0,2022
71525,1085,847,143.0,5,0,2022
71526,1085,825,22.0,11,0,2022
71527,1085,822,46.0,9,0,2022
71528,1085,839,56.0,8,0,2022
71529,1085,852,11.0,16,0,2022
71530,1085,4,37.0,10,0,2022
71531,1085,855,5.0,17,0,2022
71532,1085,854,12.0,15,0,2022
71533,1085,840,4.0,18,0,2022
71534,1085,848,3.0,19,0,2022
71535,1085,817,19.0,12,0,2022
71536,1085,846,70.0,7,0,2022
71537,1085,849,0.0,20,0,2022
71538,1085,807,0.0,21,0,2022
71539,1085,815,163.0,3,1,2022
71540,1085,830,233.0,1,7,2022
71541,1085,842,16.0,13,0,2022
71542,1085,20,15.0,14,0,2022
71543,1086,844,178.0,2,3,2022
71544,1086,832,156.0,5,1,2022
71545,1086,1,146.0,6,0,2022
71546,1086,847,158.0,4,0,2022
71547,1086,825,22.0,11,0,2022
71548,1086,822,46.0,9,0,2022
71549,1086,839,58.0,8,0,2022
71550,1086,852,11.0,16,0,2022
71551,1086,4,41.0,10,0,2022
71552,1086,855,5.0,17,0,2022
71553,1086,854,12.0,15,0,2022
71554,1086,840,4.0,18,0,2022
71555,1086,848,3.0,19,0,2022
71556,1086,817,19.0,12,0,2022
71557,1086,846,76.0,7,0,2022
71558,1086,849,0.0,20,0,2022
71559,1086,807,0.0,21,0,2022
71560,1086,815,173.0,3,1,2022
71561,1086,830,258.0,1,8,2022
71562,1086,842,16.0,13,0,2022
71563,1086,20,16.0,14,0,2022
71564,1087,844,186.0,3,3,2022
71565,1087,832,171.0,4,1,2022
71566,1087,1,146.0,6,0,2022
71567,1087,847,170.0,5,0,2022
71568,1087,825,22.0,11,0,2022
71569,1087,822,46.0,10,0,2022
71570,1087,839,64.0,8,0,2022
71571,1087,852,11.0,16,0,2022
71572,1087,4,51.0,9,0,2022
71573,1087,855,5.0,17,0,2022
71574,1087,854,12.0,15,0,2022
71575,1087,840,4.0,19,0,2022
71576,1087,848,4.0,18,0,2022
71577,1087,817,19.0,13,0,2022
71578,1087,846,76.0,7,0,2022
71579,1087,849,0.0,20,0,2022
71580,1087,807,0.0,21,0,2022
71581,1087,815,191.0,2,1,2022
71582,1087,830,284.0,1,9,2022
71583,1087,842,18.0,14,0,2022
71584,1087,20,20.0,12,0,2022
71585,1088,844,201.0,2,3,2022
71586,1088,832,175.0,5,1,2022
71587,1088,1,158.0,6,0,2022
71588,1088,847,188.0,4,0,2022
71589,1088,825,22.0,11,0,2022
71590,1088,822,46.0,10,0,2022
71591,1088,839,66.0,8,0,2022
71592,1088,852,11.0,16,0,2022
71593,1088,4,59.0,9,0,2022
71594,1088,855,5.0,17,0,2022
71595,1088,854,12.0,15,0,2022
71596,1088,840,5.0,18,0,2022
71597,1088,848,4.0,19,0,2022
71598,1088,817,19.0,13,0,2022
71599,1088,846,82.0,7,0,2022
71600,1088,849,0.0,20,0,2022
71601,1088,807,0.0,21,0,2022
71602,1088,815,201.0,3,1,2022
71603,1088,830,310.0,1,10,2022
71604,1088,842,18.0,14,0,2022
71605,1088,20,20.0,12,0,2022
71606,1089,844,219.0,2,3,2022
71607,1089,832,187.0,5,1,2022
71608,1089,1,168.0,6,0,2022
71609,1089,847,203.0,4,0,2022
71610,1089,825,22.0,12,0,2022
71611,1089,822,46.0,10,0,2022
71612,1089,839,66.0,8,0,2022
71613,1089,852,11.0,16,0,2022
71614,1089,4,59.0,9,0,2022
71615,1089,855,6.0,17,0,2022
71616,1089,854,12.0,15,0,2022
71617,1089,840,5.0,18,0,2022
71618,1089,848,4.0,19,0,2022
71619,1089,817,19.0,14,0,2022
71620,1089,846,88.0,7,0,2022
71621,1089,849,0.0,21,0,2022
71622,1089,807,0.0,22,0,2022
71623,1089,815,210.0,3,1,2022
71624,1089,830,335.0,1,11,2022
71625,1089,842,22.0,11,0,2022
71626,1089,20,20.0,13,0,2022
71627,1089,856,2.0,20,0,2022
71628,1091,844,237.0,2,3,2022
71629,1091,832,202.0,5,1,2022
71630,1091,1,170.0,6,0,2022
71631,1091,847,203.0,4,0,2022
71632,1091,825,22.0,14,0,2022
71633,1091,822,46.0,10,0,2022
71634,1091,839,66.0,8,0,2022
71635,1091,852,11.0,17,0,2022
71636,1091,4,59.0,9,0,2022
71637,1091,855,6.0,18,0,2022
71638,1091,854,12.0,16,0,2022
71639,1091,840,13.0,15,0,2022
71640,1091,848,4.0,19,0,2022
71641,1091,817,29.0,11,0,2022
71642,1091,846,100.0,7,0,2022
71643,1091,849,0.0,21,0,2022
71644,1091,807,0.0,22,0,2022
71645,1091,815,235.0,3,2,2022
71646,1091,830,341.0,1,11,2022
71647,1091,842,23.0,13,0,2022
71648,1091,20,24.0,12,0,2022
71649,1091,856,2.0,20,0,2022
71693,1092,856,2.0,21,0,2022
71692,1092,20,32.0,11,0,2022
71691,1092,842,23.0,13,0,2022
71690,1092,830,366.0,1,12,2022
71689,1092,815,253.0,2,2,2022
71688,1092,807,0.0,22,0,2022
71687,1092,849,2.0,20,0,2022
71686,1092,846,101.0,7,0,2022
71685,1092,817,29.0,12,0,2022
71684,1092,848,4.0,19,0,2022
71673,1092,832,202.0,5,1,2022
71674,1092,1,180.0,6,0,2022
71675,1092,847,207.0,4,0,2022
71676,1092,825,22.0,14,0,2022
71677,1092,822,46.0,10,0,2022
71678,1092,839,78.0,8,0,2022
71679,1092,852,11.0,17,0,2022
71680,1092,4,65.0,9,0,2022
71681,1092,855,6.0,18,0,2022
71682,1092,854,12.0,16,0,2022
71683,1092,840,13.0,15,0,2022
71672,1092,844,252.0,3,3,2022
71759,1093,856,2.0,21,0,2022
71758,1093,20,36.0,11,0,2022
71756,1093,830,391.0,1,13,2022
71755,1093,815,265.0,3,2,2022
71753,1093,849,2.0,20,0,2022
71751,1093,817,29.0,12,0,2022
71750,1093,848,4.0,19,0,2022
71748,1093,854,12.0,16,0,2022
71747,1093,855,6.0,18,0,2022
71746,1093,4,71.0,9,0,2022
71744,1093,839,78.0,8,0,2022
71743,1093,822,46.0,10,0,2022
71741,1093,847,218.0,4,0,2022
71739,1093,832,202.0,5,1,2022
71745,1093,852,12.0,17,0,2022
71749,1093,840,13.0,15,0,2022
71757,1093,842,23.0,14,0,2022
71740,1093,1,198.0,6,0,2022
71742,1093,825,24.0,13,0,2022
71754,1093,807,0.0,22,0,2022
71752,1093,846,109.0,7,0,2022
71738,1093,844,267.0,2,3,2022
71782,1095,844,290.0,2,3,2022
71781,1094,856,2.0,21,0,2022
71780,1094,20,36.0,11,0,2022
71779,1094,842,23.0,14,0,2022
71778,1094,830,416.0,1,14,2022
71777,1094,815,280.0,2,2,2022
71776,1094,807,0.0,22,0,2022
71775,1094,849,2.0,20,0,2022
71774,1094,846,111.0,7,0,2022
71773,1094,817,35.0,12,0,2022
71772,1094,848,4.0,19,0,2022
71761,1094,832,212.0,6,1,2022
71762,1094,1,216.0,5,0,2022
71763,1094,847,231.0,4,0,2022
71764,1094,825,24.0,13,0,2022
71765,1094,822,47.0,10,0,2022
71766,1094,839,82.0,8,0,2022
71767,1094,852,12.0,17,0,2022
71768,1094,4,71.0,9,0,2022
71769,1094,855,6.0,18,0,2022
71770,1094,854,12.0,16,0,2022
71771,1094,840,13.0,15,0,2022
71760,1094,844,275.0,3,3,2022
71783,1095,832,234.0,6,1,2022
71784,1095,1,240.0,5,0,2022
71785,1095,847,265.0,4,1,2022
71786,1095,825,25.0,13,0,2022
71787,1095,822,49.0,10,0,2022
71788,1095,839,86.0,8,0,2022
71789,1095,852,12.0,17,0,2022
71790,1095,4,81.0,9,0,2022
71791,1095,855,6.0,18,0,2022
71792,1095,854,12.0,16,0,2022
71793,1095,840,14.0,15,0,2022
71794,1095,848,4.0,19,0,2022
71795,1095,817,35.0,12,0,2022
71796,1095,846,113.0,7,0,2022
71797,1095,849,2.0,20,0,2022
71798,1095,807,0.0,22,0,2022
71799,1095,815,290.0,3,2,2022
71800,1095,830,429.0,1,14,2022
71801,1095,842,23.0,14,0,2022
71802,1095,20,36.0,11,0,2022
71803,1095,856,2.0,21,0,2022
71804,1096,844,308.0,2,3,2022
71805,1096,832,246.0,5,1,2022
71806,1096,1,240.0,6,0,2022
71807,1096,847,275.0,4,1,2022
71808,1096,825,25.0,13,0,2022
71809,1096,822,49.0,10,0,2022
71810,1096,839,92.0,8,0,2022
71811,1096,852,12.0,17,0,2022
71812,1096,4,81.0,9,0,2022
71813,1096,855,6.0,18,0,2022
71814,1096,854,12.0,16,0,2022
71815,1096,840,18.0,15,0,2022
71816,1096,848,4.0,19,0,2022
71817,1096,817,37.0,11,0,2022
71818,1096,846,122.0,7,0,2022
71819,1096,849,2.0,20,0,2022
71820,1096,807,0.0,22,0,2022
71821,1096,815,305.0,3,2,2022
71822,1096,830,454.0,1,15,2022
71823,1096,842,23.0,14,0,2022
71824,1096,20,37.0,12,0,2022
71825,1096,856,2.0,21,0,2022
72025,1098,857,0.0,20,0,2023
72024,1098,844,0.0,19,0,2023
72023,1098,839,0.0,18,0,2023
72022,1098,846,0.0,17,0,2023
72021,1098,855,0.0,16,0,2023
72020,1098,807,0.0,15,0,2023
72019,1098,856,0.0,14,0,2023
72018,1098,825,0.0,13,0,2023
72017,1098,858,0.0,12,0,2023
72016,1098,852,0.0,11,0,2023
72015,1098,848,1.0,10,0,2023
72014,1098,842,2.0,9,0,2023
72013,1098,822,4.0,8,0,2023
72012,1098,847,6.0,7,0,2023
72011,1098,840,8.0,6,0,2023
72010,1098,1,10.0,5,0,2023
72009,1098,832,12.0,4,0,2023
72008,1098,4,15.0,3,0,2023
72007,1098,815,18.0,2,0,2023
72006,1098,830,25.0,1,1,2023
71903,1099,839,4.0,10,0,2023
71901,1099,855,0.0,17,0,2023
71900,1099,807,0.0,15,0,2023
71899,1099,856,0.0,18,0,2023
71897,1099,858,0.0,16,0,2023
71896,1099,852,0.0,14,0,2023
71894,1099,842,4.0,11,0,2023
71893,1099,822,4.0,9,0,2023
71892,1099,847,18.0,6,0,2023
71891,1099,840,8.0,7,0,2023
71889,1099,832,20.0,4,0,2023
71887,1099,815,43.0,2,1,2023
71902,1099,846,0.0,20,0,2023
71905,1099,857,0.0,19,0,2023
71904,1099,844,6.0,8,0,2023
71888,1099,4,30.0,3,0,2023
71890,1099,1,20.0,5,0,2023
71895,1099,848,1.0,13,0,2023
71898,1099,825,1.0,12,0,2023
71886,1099,830,44.0,1,1,2023
71906,1100,830,69.0,1,2,2023
71907,1100,815,54.0,2,1,2023
71908,1100,4,45.0,3,0,2023
71909,1100,832,20.0,5,0,2023
71910,1100,1,38.0,4,0,2023
71911,1100,840,20.0,6,0,2023
71912,1100,847,18.0,7,0,2023
71913,1100,822,4.0,11,0,2023
71914,1100,842,4.0,14,0,2023
71915,1100,848,1.0,18,0,2023
71916,1100,852,1.0,16,0,2023
71917,1100,858,0.0,19,0,2023
71918,1100,825,1.0,17,0,2023
71919,1100,856,0.0,20,0,2023
71920,1100,807,6.0,9,0,2023
71921,1100,855,2.0,15,0,2023
71922,1100,846,8.0,8,0,2023
71923,1100,839,4.0,12,0,2023
71924,1100,844,6.0,10,0,2023
71925,1100,857,4.0,13,0,2023
71926,1101,830,93.0,1,2,2023
71927,1101,815,87.0,2,2,2023
71928,1101,4,60.0,3,0,2023
71929,1101,832,34.0,5,0,2023
71930,1101,1,48.0,4,0,2023
71931,1101,840,27.0,8,0,2023
71932,1101,847,28.0,7,0,2023
71933,1101,822,4.0,12,0,2023
71934,1101,842,4.0,14,0,2023
71935,1101,848,1.0,17,0,2023
71936,1101,852,2.0,16,0,2023
71937,1101,858,0.0,19,0,2023
71938,1101,825,1.0,18,0,2023
71939,1101,856,0.0,20,0,2023
71940,1101,807,6.0,10,0,2023
71941,1101,855,2.0,15,0,2023
71942,1101,846,10.0,9,0,2023
71943,1101,839,4.0,13,0,2023
71944,1101,844,28.0,6,0,2023
71945,1101,857,4.0,11,0,2023
71946,1102,830,119.0,1,3,2023
71947,1102,815,105.0,2,2,2023
71948,1102,4,75.0,3,0,2023
71949,1102,832,44.0,5,0,2023
71950,1102,1,56.0,4,0,2023
71951,1102,840,27.0,8,0,2023
71952,1102,847,40.0,6,0,2023
71953,1102,822,4.0,13,0,2023
71954,1102,842,8.0,10,0,2023
71955,1102,848,1.0,18,0,2023
71956,1102,852,2.0,16,0,2023
71957,1102,858,0.0,19,0,2023
71958,1102,825,2.0,17,0,2023
71959,1102,856,0.0,20,0,2023
71960,1102,807,6.0,11,0,2023
71961,1102,855,2.0,15,0,2023
71962,1102,846,10.0,9,0,2023
71963,1102,839,6.0,12,0,2023
71964,1102,844,34.0,7,0,2023
71965,1102,857,4.0,14,0,2023
71966,1104,830,144.0,1,4,2023
71967,1104,815,105.0,2,2,2023
71968,1104,4,93.0,3,0,2023
71969,1104,832,48.0,6,0,2023
71970,1104,1,69.0,4,0,2023
71971,1104,840,27.0,8,0,2023
71972,1104,847,50.0,5,0,2023
71973,1104,822,4.0,14,0,2023
71974,1104,842,14.0,10,0,2023
71975,1104,848,1.0,18,0,2023
71976,1104,852,2.0,16,0,2023
71977,1104,858,0.0,20,0,2023
71978,1104,825,2.0,17,0,2023
71979,1104,856,0.0,19,0,2023
71980,1104,807,6.0,12,0,2023
71981,1104,855,2.0,15,0,2023
71982,1104,846,12.0,11,0,2023
71983,1104,839,21.0,9,0,2023
71984,1104,844,42.0,7,0,2023
71985,1104,857,5.0,13,0,2023
72026,1105,830,170.0,1,5,2023
72027,1105,815,117.0,2,2,2023
72028,1105,4,99.0,3,0,2023
72029,1105,832,58.0,6,0,2023
72030,1105,1,87.0,4,0,2023
72031,1105,840,35.0,8,0,2023
72032,1105,847,65.0,5,0,2023
72033,1105,822,4.0,14,0,2023
72034,1105,842,15.0,10,0,2023
72035,1105,848,1.0,18,0,2023
72036,1105,852,2.0,16,0,2023
72037,1105,858,0.0,20,0,2023
72038,1105,825,2.0,17,0,2023
72039,1105,856,0.0,19,0,2023
72040,1105,807,6.0,12,0,2023
72041,1105,855,4.0,15,0,2023
72042,1105,846,12.0,11,0,2023
72043,1105,839,25.0,9,0,2023
72044,1105,844,42.0,7,0,2023
72045,1105,857,5.0,13,0,2023
72083,1106,839,29.0,9,0,2023
72082,1106,846,12.0,11,0,2023
72081,1106,855,4.0,16,0,2023
72080,1106,807,6.0,13,0,2023
72079,1106,856,0.0,19,0,2023
72078,1106,825,2.0,18,0,2023
72077,1106,858,0.0,20,0,2023
72076,1106,852,2.0,17,0,2023
72075,1106,848,7.0,12,0,2023
72074,1106,842,15.0,10,0,2023
72073,1106,822,5.0,15,0,2023
72072,1106,847,65.0,6,0,2023
72071,1106,840,37.0,8,0,2023
72070,1106,1,102.0,4,0,2023
72069,1106,832,68.0,5,0,2023
72068,1106,4,117.0,3,0,2023
72067,1106,815,126.0,2,2,2023
72066,1106,830,195.0,1,6,2023
72084,1106,844,54.0,7,0,2023
72085,1106,857,5.0,14,0,2023
72125,1107,857,5.0,14,0,2023
72124,1107,844,72.0,6,0,2023
72123,1107,839,31.0,9,0,2023
72122,1107,846,24.0,10,0,2023
72121,1107,855,4.0,16,0,2023
72120,1107,807,9.0,12,0,2023
72119,1107,856,0.0,20,0,2023
72118,1107,825,2.0,18,0,2023
72116,1107,852,2.0,17,0,2023
72114,1107,842,16.0,11,0,2023
72112,1107,847,72.0,7,0,2023
72111,1107,840,44.0,8,0,2023
72109,1107,832,82.0,5,0,2023
72107,1107,815,148.0,2,2,2023
72108,1107,4,131.0,3,0,2023
72110,1107,1,106.0,4,0,2023
72115,1107,848,7.0,13,0,2023
72106,1107,830,229.0,1,7,2023
72113,1107,822,5.0,15,0,2023
72117,1107,858,0.0,19,0,2023
72126,1108,830,255.0,1,8,2023
72127,1108,815,156.0,2,2,2023
72128,1108,4,137.0,3,0,2023
72129,1108,832,83.0,5,0,2023
72130,1108,1,121.0,4,0,2023
72131,1108,840,44.0,8,0,2023
72132,1108,847,82.0,6,0,2023
72133,1108,822,5.0,15,0,2023
72134,1108,842,16.0,12,0,2023
72135,1108,848,11.0,13,0,2023
72136,1108,852,2.0,17,0,2023
72137,1108,858,0.0,19,0,2023
72138,1108,825,2.0,18,0,2023
72139,1108,856,0.0,20,0,2023
72140,1108,807,9.0,14,0,2023
72141,1108,855,4.0,16,0,2023
72142,1108,846,42.0,9,0,2023
72143,1108,839,31.0,10,0,2023
72144,1108,844,74.0,7,0,2023
72145,1108,857,17.0,11,0,2023
72146,1109,830,281.0,1,9,2023
72147,1109,815,171.0,2,2,2023
72148,1109,4,139.0,3,0,2023
72149,1109,832,87.0,6,0,2023
72150,1109,1,133.0,4,0,2023
72151,1109,840,45.0,9,0,2023
72152,1109,847,90.0,5,0,2023
72153,1109,822,5.0,15,0,2023
72154,1109,842,16.0,12,0,2023
72155,1109,848,11.0,13,0,2023
72156,1109,852,2.0,17,0,2023
72157,1109,858,0.0,19,0,2023
72158,1109,825,2.0,18,0,2023
72159,1109,856,0.0,20,0,2023
72160,1109,807,9.0,14,0,2023
72161,1109,855,4.0,16,0,2023
72162,1109,846,60.0,8,0,2023
72163,1109,839,31.0,10,0,2023
72164,1109,844,80.0,7,0,2023
72165,1109,857,27.0,11,0,2023
72166,1109,817,0.0,21,0,2023
72167,1110,830,314.0,1,10,2023
72168,1110,815,189.0,2,2,2023
72169,1110,4,149.0,3,0,2023
72170,1110,832,92.0,7,0,2023
72171,1110,1,148.0,4,0,2023
72172,1110,840,47.0,9,0,2023
72173,1110,847,99.0,6,0,2023
72174,1110,822,5.0,15,0,2023
72175,1110,842,22.0,12,0,2023
72176,1110,848,11.0,13,0,2023
72177,1110,852,3.0,17,0,2023
72178,1110,858,0.0,19,0,2023
72179,1110,825,2.0,18,0,2023
72180,1110,856,0.0,20,0,2023
72181,1110,807,9.0,14,0,2023
72182,1110,855,4.0,16,0,2023
72183,1110,846,69.0,8,0,2023
72184,1110,839,35.0,10,0,2023
72185,1110,844,99.0,5,0,2023
72186,1110,857,34.0,11,0,2023
72187,1110,817,0.0,21,0,2023
72188,1111,830,339.0,1,11,2023
72189,1111,815,201.0,2,2,2023
72190,1111,4,168.0,3,0,2023
72191,1111,832,102.0,5,0,2023
72192,1111,1,156.0,4,0,2023
72193,1111,840,47.0,9,0,2023
72194,1111,847,99.0,7,0,2023
72195,1111,822,5.0,15,0,2023
72196,1111,842,37.0,10,0,2023
72197,1111,848,15.0,13,0,2023
72198,1111,852,3.0,17,0,2023
72199,1111,858,0.0,19,0,2023
72200,1111,825,2.0,18,0,2023
72201,1111,856,0.0,20,0,2023
72202,1111,807,9.0,14,0,2023
72203,1111,855,4.0,16,0,2023
72204,1111,846,75.0,8,0,2023
72205,1111,839,36.0,11,0,2023
72206,1111,844,99.0,6,0,2023
72207,1111,857,36.0,12,0,2023
72208,1111,817,0.0,21,0,2023
72209,1111,859,0.0,22,0,2023
72250,1112,844,111.0,6,0,2023
72249,1112,839,36.0,11,0,2023
72248,1112,846,79.0,8,0,2023
72247,1112,855,4.0,16,0,2023
72246,1112,807,9.0,14,0,2023
72245,1112,856,0.0,21,0,2023
72244,1112,825,2.0,18,0,2023
72243,1112,858,0.0,19,0,2023
72242,1112,852,3.0,17,0,2023
72241,1112,848,21.0,13,0,2023
72240,1112,842,37.0,10,0,2023
72239,1112,822,6.0,15,0,2023
72238,1112,847,109.0,7,0,2023
72237,1112,840,47.0,9,0,2023
72236,1112,1,164.0,4,0,2023
72235,1112,832,117.0,5,0,2023
72234,1112,4,170.0,3,0,2023
72233,1112,815,219.0,2,2,2023
72232,1112,830,364.0,1,12,2023
72251,1112,857,36.0,12,0,2023
72252,1112,817,0.0,22,0,2023
72253,1112,859,0.0,20,0,2023
72294,1113,844,123.0,6,0,2023
72293,1113,839,36.0,12,0,2023
72292,1113,846,97.0,8,0,2023
72291,1113,855,4.0,16,0,2023
72290,1113,807,9.0,14,0,2023
72289,1113,856,0.0,21,0,2023
72288,1113,825,3.0,18,0,2023
72287,1113,858,0.0,20,0,2023
72286,1113,852,3.0,17,0,2023
72285,1113,848,21.0,13,0,2023
72284,1113,842,45.0,10,0,2023
72283,1113,822,6.0,15,0,2023
72282,1113,847,109.0,7,0,2023
72281,1113,840,47.0,9,0,2023
72280,1113,1,180.0,3,0,2023
72279,1113,832,142.0,5,1,2023
72278,1113,4,170.0,4,0,2023
72277,1113,815,223.0,2,2,2023
72276,1113,830,374.0,1,12,2023
72295,1113,857,42.0,11,0,2023
72296,1113,817,0.0,22,0,2023
72297,1113,859,2.0,19,0,2023
72298,1114,830,400.0,1,13,2023
72299,1114,815,223.0,2,2,2023
72300,1114,4,174.0,4,0,2023
72301,1114,832,150.0,5,1,2023
72302,1114,1,190.0,3,0,2023
72303,1114,840,47.0,10,0,2023
72304,1114,847,115.0,8,0,2023
72305,1114,822,6.0,15,0,2023
72306,1114,842,46.0,11,0,2023
72307,1114,848,21.0,13,0,2023
72308,1114,852,3.0,17,0,2023
72309,1114,858,0.0,20,0,2023
72310,1114,825,3.0,18,0,2023
72311,1114,856,0.0,21,0,2023
72312,1114,807,9.0,14,0,2023
72313,1114,855,4.0,16,0,2023
72314,1114,846,115.0,7,0,2023
72315,1114,839,38.0,12,0,2023
72316,1114,844,135.0,6,0,2023
72317,1114,857,57.0,9,0,2023
72318,1114,817,0.0,22,0,2023
72319,1114,859,2.0,19,0,2023
72363,1115,859,2.0,19,0,2023
72362,1115,817,0.0,22,0,2023
72361,1115,857,83.0,9,0,2023
72359,1115,839,44.0,12,0,2023
72358,1115,846,136.0,7,0,2023
72357,1115,855,6.0,16,0,2023
72356,1115,807,9.0,15,0,2023
72353,1115,858,0.0,20,0,2023
72351,1115,848,23.0,13,0,2023
72350,1115,842,46.0,11,0,2023
72348,1115,847,132.0,8,0,2023
72346,1115,1,194.0,3,0,2023
72343,1115,815,224.0,2,2,2023
72347,1115,840,47.0,10,0,2023
72345,1115,832,153.0,5,1,2023
72360,1115,844,145.0,6,0,2023
72349,1115,822,10.0,14,0,2023
72354,1115,825,3.0,18,0,2023
72352,1115,852,3.0,17,0,2023
72342,1115,830,433.0,1,14,2023
72355,1115,856,0.0,21,0,2023
72344,1115,4,183.0,4,0,2023
72407,1116,859,2.0,19,0,2023
72406,1116,817,0.0,22,0,2023
72405,1116,857,83.0,9,0,2023
72404,1116,844,151.0,7,0,2023
72403,1116,839,44.0,12,0,2023
72402,1116,846,159.0,6,0,2023
72401,1116,855,6.0,17,0,2023
72399,1116,856,0.0,21,0,2023
72397,1116,858,1.0,20,0,2023
72394,1116,842,56.0,10,0,2023
72392,1116,847,143.0,8,0,2023
72390,1116,1,201.0,3,0,2023
72387,1116,815,240.0,2,2,2023
72395,1116,848,25.0,13,0,2023
72391,1116,840,53.0,11,0,2023
72389,1116,832,171.0,5,1,2023
72393,1116,822,10.0,14,0,2023
72398,1116,825,3.0,18,0,2023
72396,1116,852,8.0,16,0,2023
72386,1116,830,466.0,1,15,2023
72400,1116,807,9.0,15,0,2023
72388,1116,4,183.0,4,0,2023
72408,1117,830,491.0,1,16,2023
72409,1117,815,240.0,2,2,2023
72410,1117,4,183.0,5,0,2023
72411,1117,832,183.0,4,1,2023
72412,1117,1,220.0,3,0,2023
72413,1117,840,53.0,11,0,2023
72414,1117,847,151.0,8,0,2023
72415,1117,822,10.0,14,0,2023
72416,1117,842,56.0,10,0,2023
72417,1117,848,27.0,13,0,2023
72418,1117,852,8.0,16,0,2023
72419,1117,858,1.0,21,0,2023
72420,1117,825,3.0,19,0,2023
72421,1117,856,0.0,22,0,2023
72422,1117,807,9.0,15,0,2023
72423,1117,855,6.0,18,0,2023
72424,1117,846,169.0,6,0,2023
72425,1117,839,45.0,12,0,2023
72426,1117,844,166.0,7,0,2023
72427,1117,857,87.0,9,0,2023
72428,1117,817,6.0,17,0,2023
72429,1117,859,2.0,20,0,2023
72430,1118,830,524.0,1,17,2023
72431,1118,815,258.0,2,2,2023
72432,1118,4,198.0,4,0,2023
72433,1118,832,192.0,6,1,2023
72434,1118,1,226.0,3,0,2023
72435,1118,840,63.0,10,0,2023
72436,1118,847,156.0,8,0,2023
72437,1118,822,10.0,15,0,2023
72438,1118,842,62.0,11,0,2023
72439,1118,848,27.0,13,0,2023
72440,1118,852,13.0,14,0,2023
72441,1118,858,1.0,21,0,2023
72442,1118,825,3.0,19,0,2023
72443,1118,856,0.0,22,0,2023
72444,1118,807,9.0,16,0,2023
72445,1118,855,6.0,18,0,2023
72446,1118,846,195.0,5,0,2023
72447,1118,839,46.0,12,0,2023
72448,1118,844,170.0,7,0,2023
72449,1118,857,87.0,9,0,2023
72450,1118,817,6.0,17,0,2023
72451,1118,859,2.0,20,0,2023
72494,1119,817,6.0,17,0,2023
72493,1119,857,89.0,9,0,2023
72492,1119,844,188.0,7,0,2023
72491,1119,839,58.0,12,0,2023
72490,1119,846,195.0,6,0,2023
72489,1119,855,6.0,18,0,2023
72488,1119,807,9.0,16,0,2023
72487,1119,856,0.0,22,0,2023
72486,1119,825,3.0,19,0,2023
72485,1119,858,1.0,21,0,2023
72484,1119,852,13.0,14,0,2023
72483,1119,848,27.0,13,0,2023
72482,1119,842,62.0,11,0,2023
72481,1119,822,10.0,15,0,2023
72480,1119,847,160.0,8,0,2023
72479,1119,840,73.0,10,0,2023
72478,1119,1,232.0,3,0,2023
72477,1119,832,200.0,4,1,2023
72476,1119,4,200.0,5,0,2023
72475,1119,815,273.0,2,2,2023
72474,1119,830,549.0,1,18,2023
72495,1119,859,2.0,20,0,2023
72496,1120,830,575.0,1,19,2023
72497,1120,815,285.0,2,2,2023
72498,1120,4,206.0,4,0,2023
72499,1120,832,200.0,7,1,2023
72500,1120,1,234.0,3,0,2023
72501,1120,840,74.0,10,0,2023
72502,1120,847,175.0,8,0,2023
72503,1120,822,10.0,15,0,2023
72504,1120,842,62.0,11,0,2023
72505,1120,848,27.0,13,0,2023
72506,1120,852,17.0,14,0,2023
72507,1120,858,1.0,21,0,2023
72508,1120,825,3.0,19,0,2023
72509,1120,856,0.0,22,0,2023
72510,1120,807,9.0,16,0,2023
72511,1120,855,6.0,18,0,2023
72512,1120,846,205.0,6,0,2023
72513,1120,839,58.0,12,0,2023
72514,1120,844,206.0,5,0,2023
72515,1120,857,97.0,9,0,2023
72516,1120,817,6.0,17,0,2023
72517,1120,859,2.0,20,0,2023
72574,1121,839,0.0,17,0,2024
72573,1121,807,0.0,16,0,2024
72572,1121,848,0.0,15,0,2024
72571,1121,852,0.0,14,0,2024
72570,1121,817,0.0,13,0,2024
72569,1121,825,0.0,12,0,2024
72568,1121,855,0.0,11,0,2024
72567,1121,840,1.0,10,0,2024
72566,1121,4,2.0,9,0,2024
72565,1121,857,4.0,8,0,2024
72564,1121,1,6.0,7,0,2024
72563,1121,846,8.0,6,0,2024
72562,1121,847,10.0,5,0,2024
72561,1121,844,12.0,4,0,2024
72560,1121,832,15.0,3,0,2024
72559,1121,815,18.0,2,0,2024
72558,1121,830,26.0,1,1,2024
72575,1121,842,0.0,18,0,2024
72576,1121,822,0.0,19,0,2024
72577,1121,858,0.0,20,0,2024
72578,1122,830,51.0,1,2,2024
72579,1122,815,36.0,2,0,2024
72580,1122,832,15.0,6,0,2024
72581,1122,844,28.0,3,0,2024
72582,1122,847,18.0,4,0,2024
72583,1122,846,12.0,8,0,2024
72584,1122,1,8.0,9,0,2024
72585,1122,857,16.0,5,0,2024
72586,1122,4,12.0,7,0,2024
72587,1122,840,1.0,12,0,2024
72588,1122,855,0.0,14,0,2024
72589,1122,825,0.0,15,0,2024
72590,1122,817,0.0,16,0,2024
72591,1122,852,0.0,18,0,2024
72592,1122,848,0.0,13,0,2024
72593,1122,807,1.0,11,0,2024
72594,1122,839,0.0,17,0,2024
72595,1122,842,0.0,21,0,2024
72596,1122,822,0.0,20,0,2024
72597,1122,858,0.0,19,0,2024
72598,1122,860,6.0,10,0,2024
72661,1123,860,6.0,12,0,2024
72659,1123,822,0.0,20,0,2024
72658,1123,842,0.0,19,0,2024
72657,1123,839,0.0,18,0,2024
72656,1123,807,3.0,13,0,2024
72655,1123,848,0.0,15,0,2024
72654,1123,852,6.0,11,0,2024
72653,1123,817,0.0,17,0,2024
72652,1123,825,1.0,14,0,2024
72651,1123,855,0.0,16,0,2024
72648,1123,857,28.0,5,0,2024
72647,1123,1,8.0,10,0,2024
72642,1123,815,46.0,3,0,2024
72649,1123,4,16.0,8,0,2024
72650,1123,840,9.0,9,0,2024
72641,1123,830,51.0,1,2,2024
72660,1123,858,0.0,21,0,2024
72646,1123,846,27.0,6,0,2024
72645,1123,847,18.0,7,0,2024
72644,1123,844,47.0,2,0,2024
72643,1123,832,40.0,4,1,2024
72662,1124,830,77.0,1,3,2024
72663,1124,815,64.0,2,0,2024
72664,1124,832,55.0,4,1,2024
72665,1124,844,59.0,3,0,2024
72666,1124,847,24.0,7,0,2024
72667,1124,846,37.0,5,0,2024
72668,1124,1,10.0,9,0,2024
72669,1124,857,32.0,6,0,2024
72670,1124,4,24.0,8,0,2024
72671,1124,840,9.0,10,0,2024
72672,1124,855,0.0,16,0,2024
72673,1124,825,1.0,14,0,2024
72674,1124,817,0.0,17,0,2024
72675,1124,852,7.0,11,0,2024
72676,1124,848,0.0,15,0,2024
72677,1124,807,3.0,13,0,2024
72678,1124,839,0.0,18,0,2024
72679,1124,842,0.0,19,0,2024
72680,1124,822,0.0,20,0,2024
72681,1124,858,0.0,21,0,2024
72682,1124,860,6.0,12,0,2024
72683,1125,830,110.0,1,4,2024
72684,1125,815,85.0,2,0,2024
72685,1125,832,69.0,4,1,2024
72686,1125,844,76.0,3,0,2024
72687,1125,847,33.0,7,0,2024
72688,1125,846,58.0,5,0,2024
72689,1125,1,19.0,9,0,2024
72690,1125,857,38.0,6,0,2024
72691,1125,4,31.0,8,0,2024
72692,1125,840,9.0,10,0,2024
72693,1125,855,0.0,17,0,2024
72694,1125,825,1.0,14,0,2024
72695,1125,817,0.0,18,0,2024
72696,1125,852,7.0,11,0,2024
72697,1125,848,0.0,15,0,2024
72698,1125,807,4.0,13,0,2024
72699,1125,839,0.0,16,0,2024
72700,1125,842,0.0,19,0,2024
72701,1125,822,0.0,20,0,2024
72702,1125,858,0.0,21,0,2024
72703,1125,860,6.0,12,0,2024
72704,1126,830,136.0,1,4,2024
72705,1126,815,103.0,2,0,2024
72706,1126,832,83.0,5,1,2024
72707,1126,844,98.0,3,0,2024
72708,1126,847,37.0,7,0,2024
72709,1126,846,83.0,4,1,2024
72710,1126,1,27.0,9,0,2024
72711,1126,857,41.0,6,0,2024
72712,1126,4,33.0,8,0,2024
72713,1126,840,9.0,11,0,2024
72714,1126,855,0.0,18,0,2024
72715,1126,825,1.0,16,0,2024
72716,1126,817,5.0,14,0,2024
72717,1126,852,14.0,10,0,2024
72718,1126,848,0.0,17,0,2024
72719,1126,807,6.0,13,0,2024
72720,1126,839,1.0,15,0,2024
72721,1126,842,0.0,19,0,2024
72722,1126,822,0.0,20,0,2024
72723,1126,858,0.0,21,0,2024
72724,1126,860,6.0,12,0,2024
72725,1127,830,161.0,1,5,2024
72726,1127,815,107.0,3,0,2024
72727,1127,832,93.0,5,1,2024
72728,1127,844,113.0,2,0,2024
72729,1127,847,44.0,7,0,2024
72730,1127,846,101.0,4,1,2024
72731,1127,1,35.0,8,0,2024
72732,1127,857,53.0,6,0,2024
72733,1127,4,33.0,9,0,2024
72734,1127,840,11.0,11,0,2024
72735,1127,855,0.0,18,0,2024
72736,1127,825,1.0,16,0,2024
72737,1127,817,5.0,14,0,2024
72738,1127,852,15.0,10,0,2024
72739,1127,848,0.0,17,0,2024
72740,1127,807,6.0,13,0,2024
72741,1127,839,1.0,15,0,2024
72742,1127,842,0.0,19,0,2024
72743,1127,822,0.0,20,0,2024
72744,1127,858,0.0,21,0,2024
72745,1127,860,6.0,12,0,2024
72786,1128,858,0.0,21,0,2024
72784,1128,842,1.0,18,0,2024
72781,1128,848,2.0,15,0,2024
72780,1128,852,19.0,10,0,2024
72779,1128,817,5.0,14,0,2024
72778,1128,825,1.0,17,0,2024
72775,1128,4,33.0,9,0,2024
72774,1128,857,71.0,6,0,2024
72772,1128,846,113.0,3,1,2024
72768,1128,815,107.0,5,0,2024
72787,1128,860,6.0,12,0,2024
72785,1128,822,0.0,20,0,2024
72783,1128,839,1.0,16,0,2024
72782,1128,807,6.0,13,0,2024
72777,1128,855,0.0,19,0,2024
72767,1128,830,169.0,1,5,2024
72776,1128,840,11.0,11,0,2024
72773,1128,1,42.0,8,0,2024
72771,1128,847,54.0,7,0,2024
72770,1128,844,138.0,2,1,2024
72769,1128,832,108.0,4,1,2024
72788,1129,830,194.0,1,6,2024
72789,1129,815,107.0,5,0,2024
72790,1129,832,108.0,4,1,2024
72791,1129,844,138.0,2,1,2024
72792,1129,847,69.0,7,0,2024
72793,1129,846,131.0,3,1,2024
72794,1129,1,55.0,8,0,2024
72795,1129,857,81.0,6,0,2024
72796,1129,4,41.0,9,0,2024
72797,1129,840,17.0,11,0,2024
72798,1129,855,0.0,19,0,2024
72799,1129,825,1.0,18,0,2024
72800,1129,817,9.0,12,0,2024
72801,1129,852,19.0,10,0,2024
72802,1129,848,2.0,16,0,2024
72803,1129,807,6.0,14,0,2024
72804,1129,839,2.0,17,0,2024
72805,1129,842,3.0,15,0,2024
72806,1129,822,0.0,20,0,2024
72807,1129,858,0.0,21,0,2024
72808,1129,860,6.0,13,0,2024
72809,1130,830,219.0,1,7,2024
72810,1130,815,111.0,5,0,2024
72811,1130,832,116.0,4,1,2024
72812,1130,844,148.0,3,1,2024
72813,1130,847,81.0,7,0,2024
72814,1130,846,150.0,2,1,2024
72815,1130,1,70.0,8,0,2024
72816,1130,857,87.0,6,0,2024
72817,1130,4,41.0,9,0,2024
72818,1130,840,17.0,11,0,2024
72819,1130,855,0.0,19,0,2024
72820,1130,825,1.0,18,0,2024
72821,1130,817,9.0,12,0,2024
72822,1130,852,19.0,10,0,2024
72823,1130,848,2.0,17,0,2024
72824,1130,807,6.0,14,0,2024
72825,1130,839,3.0,16,0,2024
72826,1130,842,5.0,15,0,2024
72827,1130,822,0.0,20,0,2024
72828,1130,858,0.0,21,0,2024
72829,1130,860,6.0,13,0,2024
72830,1131,830,237.0,1,7,2024
72831,1131,815,118.0,5,0,2024
72832,1131,832,135.0,4,1,2024
72833,1131,844,150.0,3,1,2024
72834,1131,847,111.0,7,1,2024
72835,1131,846,156.0,2,1,2024
72836,1131,1,85.0,8,0,2024
72837,1131,857,112.0,6,0,2024
72838,1131,4,41.0,9,0,2024
72839,1131,840,17.0,11,0,2024
72840,1131,855,0.0,19,0,2024
72841,1131,825,5.0,16,0,2024
72842,1131,817,11.0,13,0,2024
72843,1131,852,19.0,10,0,2024
72844,1131,848,2.0,18,0,2024
72845,1131,807,14.0,12,0,2024
72846,1131,839,3.0,17,0,2024
72847,1131,842,6.0,15,0,2024
72848,1131,822,0.0,20,0,2024
72849,1131,858,0.0,21,0,2024
72850,1131,860,6.0,14,0,2024
72851,1132,830,255.0,1,7,2024
72852,1132,815,118.0,6,0,2024
72853,1132,832,146.0,4,1,2024
72854,1132,844,150.0,3,1,2024
72855,1132,847,111.0,7,1,2024
72856,1132,846,171.0,2,1,2024
72857,1132,1,110.0,8,1,2024
72858,1132,857,124.0,5,0,2024
72859,1132,4,45.0,9,0,2024
72860,1132,840,23.0,10,0,2024
72861,1132,855,0.0,19,0,2024
72862,1132,825,5.0,16,0,2024
72863,1132,817,11.0,13,0,2024
72864,1132,852,20.0,12,0,2024
72865,1132,848,4.0,17,0,2024
72866,1132,807,22.0,11,0,2024
72867,1132,839,3.0,18,0,2024
72868,1132,842,6.0,15,0,2024
72869,1132,822,0.0,21,0,2024
72870,1132,858,0.0,20,0,2024
72871,1132,860,6.0,14,0,2024
72872,1133,830,265.0,1,7,2024
72873,1133,815,124.0,7,0,2024
72874,1133,832,154.0,4,1,2024
72875,1133,844,162.0,3,1,2024
72876,1133,847,116.0,8,1,2024
72877,1133,846,189.0,2,1,2024
72878,1133,1,125.0,6,1,2024
72879,1133,857,149.0,5,1,2024
72880,1133,4,45.0,9,0,2024
72881,1133,840,24.0,10,0,2024
72882,1133,855,0.0,19,0,2024
72883,1133,825,5.0,16,0,2024
72884,1133,817,11.0,13,0,2024
72885,1133,852,22.0,12,0,2024
72886,1133,848,4.0,17,0,2024
72887,1133,807,22.0,11,0,2024
72888,1133,839,3.0,18,0,2024
72889,1133,842,6.0,15,0,2024
72890,1133,822,0.0,21,0,2024
72891,1133,858,0.0,20,0,2024
72892,1133,860,6.0,14,0,2024
72977,1135,830,295.0,1,7,2024
72976,1134,860,6.0,14,0,2024
72975,1134,858,0.0,20,0,2024
72974,1134,822,0.0,21,0,2024
72973,1134,842,6.0,15,0,2024
72972,1134,839,5.0,17,0,2024
72971,1134,807,22.0,11,0,2024
72970,1134,848,4.0,18,0,2024
72969,1134,852,22.0,12,0,2024
72968,1134,817,12.0,13,0,2024
72967,1134,825,5.0,16,0,2024
72966,1134,855,0.0,19,0,2024
72956,1134,830,277.0,1,7,2024
72957,1134,815,131.0,7,0,2024
72958,1134,832,162.0,5,1,2024
72959,1134,844,177.0,3,1,2024
72960,1134,847,116.0,8,1,2024
72961,1134,846,199.0,2,1,2024
72962,1134,1,150.0,6,2,2024
72963,1134,857,167.0,4,1,2024
72964,1134,4,49.0,9,0,2024
72965,1134,840,24.0,10,0,2024
72978,1135,815,139.0,7,0,2024
72979,1135,832,172.0,5,1,2024
72980,1135,844,192.0,3,1,2024
72981,1135,847,122.0,8,1,2024
72982,1135,846,225.0,2,2,2024
72983,1135,1,154.0,6,2,2024
72984,1135,857,179.0,4,1,2024
72985,1135,4,50.0,9,0,2024
72986,1135,840,24.0,10,0,2024
72987,1135,855,0.0,19,0,2024
72988,1135,825,5.0,16,0,2024
72989,1135,817,12.0,13,0,2024
72990,1135,852,22.0,12,0,2024
72991,1135,848,4.0,18,0,2024
72992,1135,807,22.0,11,0,2024
72993,1135,839,5.0,17,0,2024
72994,1135,842,8.0,14,0,2024
72995,1135,822,0.0,21,0,2024
72996,1135,858,0.0,20,0,2024
72997,1135,860,6.0,15,0,2024
73038,1136,822,0.0,22,0,2024
73037,1136,842,8.0,14,0,2024
73036,1136,839,5.0,18,0,2024
73035,1136,807,22.0,11,0,2024
73034,1136,848,6.0,17,0,2024
73033,1136,852,22.0,12,0,2024
73032,1136,817,12.0,13,0,2024
73031,1136,825,6.0,16,0,2024
73030,1136,855,0.0,19,0,2024
73029,1136,840,24.0,10,0,2024
73028,1136,4,50.0,9,0,2024
73027,1136,857,197.0,4,1,2024
73026,1136,1,164.0,6,2,2024
73025,1136,846,241.0,2,2,2024
73024,1136,847,128.0,8,1,2024
73023,1136,844,217.0,3,2,2024
73022,1136,832,184.0,5,1,2024
73021,1136,815,143.0,7,0,2024
73020,1136,830,303.0,1,7,2024
73039,1136,858,0.0,20,0,2024
73040,1136,860,6.0,15,0,2024
73041,1136,861,0.0,21,0,2024
73042,1137,830,313.0,1,7,2024
73043,1137,815,143.0,8,0,2024
73044,1137,832,184.0,5,1,2024
73045,1137,844,235.0,3,2,2024
73046,1137,847,143.0,7,1,2024
73047,1137,846,254.0,2,2,2024
73048,1137,1,166.0,6,2,2024
73049,1137,857,222.0,4,2,2024
73050,1137,4,58.0,9,0,2024
73051,1137,840,24.0,10,0,2024
73052,1137,855,0.0,20,0,2024
73053,1137,825,6.0,17,0,2024
73054,1137,817,12.0,14,0,2024
73055,1137,852,22.0,12,0,2024
73056,1137,848,12.0,13,0,2024
73057,1137,807,22.0,11,0,2024
73058,1137,839,5.0,18,0,2024
73059,1137,842,8.0,15,0,2024
73060,1137,822,0.0,22,0,2024
73061,1137,858,0.0,21,0,2024
73062,1137,860,7.0,16,0,2024
73063,1137,861,4.0,19,0,2024
73064,1138,830,331.0,1,7,2024
73065,1138,815,144.0,8,0,2024
73066,1138,832,190.0,5,1,2024
73067,1138,844,245.0,3,2,2024
73068,1138,847,155.0,7,1,2024
73069,1138,846,279.0,2,3,2024
73070,1138,1,174.0,6,2,2024
73071,1138,857,237.0,4,2,2024
73072,1138,4,62.0,9,0,2024
73073,1138,840,24.0,11,0,2024
73074,1138,855,0.0,20,0,2024
73075,1138,825,6.0,17,0,2024
73076,1138,817,12.0,14,0,2024
73077,1138,852,22.0,12,0,2024
73078,1138,848,12.0,13,0,2024
73079,1138,807,24.0,10,0,2024
73080,1138,839,5.0,18,0,2024
73081,1138,842,8.0,15,0,2024
73082,1138,822,0.0,22,0,2024
73083,1138,858,0.0,21,0,2024
73084,1138,860,7.0,16,0,2024
73085,1138,861,4.0,19,0,2024
73086,1139,830,354.0,1,7,2024
73087,1139,815,150.0,8,0,2024
73088,1139,832,215.0,5,1,2024
73089,1139,844,275.0,3,3,2024
73090,1139,847,167.0,7,1,2024
73091,1139,846,297.0,2,3,2024
73092,1139,1,177.0,6,2,2024
73093,1139,857,247.0,4,2,2024
73094,1139,4,62.0,9,0,2024
73095,1139,840,24.0,11,0,2024
73096,1139,855,0.0,21,0,2024
73097,1139,825,8.0,15,0,2024
73098,1139,817,12.0,14,0,2024
73099,1139,852,22.0,12,0,2024
73100,1139,848,12.0,13,0,2024
73101,1139,807,29.0,10,0,2024
73102,1139,839,5.0,19,0,2024
73103,1139,842,8.0,16,0,2024
73104,1139,822,0.0,23,0,2024
73105,1139,858,0.0,22,0,2024
73106,1139,860,7.0,17,0,2024
73107,1139,861,5.0,18,0,2024
73108,1139,859,2.0,20,0,2024
73109,1140,830,362.0,1,7,2024
73110,1140,815,150.0,8,0,2024
73111,1140,832,240.0,5,2,2024
73112,1140,844,291.0,3,3,2024
73113,1140,847,177.0,7,1,2024
73114,1140,846,315.0,2,3,2024
73115,1140,1,189.0,6,2,2024
73116,1140,857,251.0,4,2,2024
73117,1140,4,62.0,9,0,2024
73118,1140,840,24.0,11,0,2024
73119,1140,855,0.0,21,0,2024
73120,1140,825,14.0,13,0,2024
73121,1140,817,12.0,15,0,2024
73122,1140,852,22.0,12,0,2024
73123,1140,848,12.0,14,0,2024
73124,1140,807,31.0,10,0,2024
73125,1140,839,5.0,19,0,2024
73126,1140,842,9.0,16,0,2024
73127,1140,822,0.0,23,0,2024
73128,1140,858,0.0,22,0,2024
73129,1140,860,7.0,17,0,2024
73130,1140,861,5.0,18,0,2024
73131,1140,859,2.0,20,0,2024
73175,1141,860,7.0,18,0,2024
73174,1141,858,0.0,22,0,2024
73173,1141,822,0.0,23,0,2024
73172,1141,842,26.0,12,0,2024
73171,1141,839,23.0,14,0,2024
73170,1141,807,31.0,10,0,2024
73169,1141,848,12.0,16,0,2024
73168,1141,852,28.0,11,0,2024
73167,1141,817,12.0,17,0,2024
73166,1141,825,14.0,15,0,2024
73165,1141,855,0.0,21,0,2024
73164,1141,840,24.0,13,0,2024
73163,1141,4,62.0,9,0,2024
73162,1141,857,262.0,4,2,2024
73161,1141,1,190.0,7,2,2024
73160,1141,846,331.0,2,3,2024
73159,1141,847,192.0,6,1,2024
73158,1141,844,307.0,3,3,2024
73157,1141,832,244.0,5,2,2024
73156,1141,815,151.0,8,0,2024
73155,1141,830,393.0,1,8,2024
73176,1141,861,5.0,19,0,2024
73177,1141,859,4.0,20,0,2024
73222,1142,861,5.0,19,0,2024
73220,1142,858,0.0,22,0,2024
73218,1142,842,26.0,12,0,2024
73217,1142,839,23.0,14,0,2024
73216,1142,807,35.0,10,0,2024
73215,1142,848,12.0,16,0,2024
73214,1142,852,30.0,11,0,2024
73212,1142,825,14.0,15,0,2024
73210,1142,840,24.0,13,0,2024
73208,1142,857,268.0,4,2,2024
73206,1142,846,340.0,2,3,2024
73202,1142,815,152.0,8,0,2024
73221,1142,860,7.0,18,0,2024
73223,1142,859,4.0,20,0,2024
73219,1142,822,0.0,23,0,2024
73211,1142,855,0.0,21,0,2024
73207,1142,1,208.0,7,2,2024
73209,1142,4,62.0,9,0,2024
73213,1142,817,12.0,17,0,2024
73204,1142,844,319.0,3,3,2024
73203,1142,832,259.0,5,2,2024
73201,1142,830,403.0,1,8,2024
73205,1142,847,217.0,6,2,2024
73224,1143,830,429.0,1,9,2024
73225,1143,815,152.0,8,0,2024
73226,1143,832,272.0,5,2,2024
73227,1143,844,341.0,3,3,2024
73228,1143,847,235.0,6,2,2024
73229,1143,846,349.0,2,3,2024
73230,1143,1,211.0,7,2,2024
73231,1143,857,291.0,4,2,2024
73232,1143,4,68.0,9,0,2024
73233,1143,840,24.0,13,0,2024
73234,1143,855,4.0,20,0,2024
73235,1143,825,16.0,15,0,2024
73236,1143,817,12.0,17,0,2024
73237,1143,852,30.0,12,0,2024
73238,1143,848,12.0,16,0,2024
73239,1143,807,37.0,10,0,2024
73240,1143,839,23.0,14,0,2024
73241,1143,842,36.0,11,0,2024
73242,1143,822,0.0,22,0,2024
73243,1143,858,0.0,23,0,2024
73244,1143,860,7.0,18,0,2024
73245,1143,861,5.0,19,0,2024
73246,1143,859,4.0,21,0,2024
73247,1144,830,437.0,1,9,2024
73248,1144,815,152.0,8,0,2024
73249,1144,832,290.0,5,2,2024
73250,1144,844,356.0,3,3,2024
73251,1144,847,245.0,6,2,2024
73252,1144,846,374.0,2,4,2024
73253,1144,1,223.0,7,2,2024
73254,1144,857,292.0,4,2,2024
73255,1144,4,70.0,9,0,2024
73256,1144,840,24.0,13,0,2024
73257,1144,855,4.0,20,0,2024
73258,1144,825,16.0,15,0,2024
73259,1144,817,12.0,17,0,2024
73260,1144,852,30.0,12,0,2024
73261,1144,848,12.0,16,0,2024
73262,1144,807,41.0,11,0,2024
73263,1144,839,23.0,14,0,2024
73264,1144,842,42.0,10,0,2024
73265,1144,822,0.0,22,0,2024
73266,1144,858,0.0,23,0,2024
73267,1144,860,7.0,18,0,2024
73268,1144,861,5.0,19,0,2024
73269,1144,859,4.0,21,0,2024
73270,1144,862,0.0,24,0,2024
